Original Comment,Cleaned Comment,VADER Sentiment,Hugging Face Sentiment
ропрпЛро╡рпН роЪро╡рпБроХрпНроХрпБ роирпА рокрпЗроЪрооро╛ роЕродро┐роорпБроХ advicer роЖроХро┐роЯрпБ,advicer,Neutral,POSITIVE
роПро▒рпБройро╛ роЗро░ропро┐ро▓рпН роЗро░роЩрпНроХрпБрои роЬрпЖропро┐ро▓рпБ ро╡роирпНродро╛ рокрпЖропрпНро▓рпБ ро╡ро╛роЩрпНроХ роЪроЩрпНроХро░рпН роЪроХрпЛ роХро╛родрпНродрпБ роЗро░рпБроХрпНроХро┐ро▒рпЛроорпН роЙроЩрпНроХро│рпБроХрпНроХро╛роХ,,Neutral,Neutral
роЪро░ро┐ропро╛рой роорпБроЯрпНроЯрпБ роЪроирпНродрпБ,,Neutral,Neutral
роТро░рпБ рокро│рпНро│ро┐роХрпНроХрпБ роЕройрпБроородро┐ родро░ 50000 роорпБродро▓рпН роТро░рпБ роЗро▓роЯрпНроЪроорпН ро▓роЮрпНроЪроорпН ро╡ро╛роЩрпНроХрпБро╡родро╛роХ роЪрпЖропрпНродро┐роХро│ро┐ро▓рпН рокроЯро┐родрпНродродрпБ. 20000 рокро│рпНро│ро┐ x роХрпБро▒рпИроирпНродродрпБ 50000  роОройро┐ро▓рпН = 100роХрпЛроЯро┐ ройрпБ роЪрпКро▓рпНро▒ро╛роЩрпНроХ. роЙрогрпНроорпИропро╛! <br><br>роХрпБро▒рпИроирпНродродрпБ.. <br><br><br>роЗродрпБ роЗро▓рпНро▓ро╛рооро▓рпН роХрпБроЯрпНроЯро┐ роХрпБроЯрпНроЯро┐  роЗро╕рпНроХрпВро▓рпБ ро╡рпЗро▒ роЗро░рпБроХрпНроХрпЗ!,x brbr brbrbr,Neutral,NEGATIVE
роЪро╡рпБроХрпНроХрпБ роЪроЩрпНроХро░рпИ роЪро┐ро▒рпИропрпЖроЯрпБродрпНродрпБроорпН рокропройро┐ро▓рпНро▓рпИ.. родро┐ро░рпБроЯрпНроЯрпБ родро┐ро░ро╛ро╡ро┐роЯрокрпН рокродро░рпНроХро│рпН родро┐роХрпИрокрпНрокрпБ...,,Neutral,Neutral
Savukku shankar must come back soon..i am manifesting this to the universe тЭд,savukku shankar must come back sooni manifesting universe,Neutral,POSITIVE
"Sir, back side ulla banner la Ella thalaivar pic irukku ana tvk thalaivar pic illa??",sir back side ulla banner la ella thalaivar pic irukku ana tvk thalaivar pic illa,Neutral,NEGATIVE
ро╡рпЖро│ро┐ропро┐ро▓рпН ро╡ро┐роЯрпБро╡родрпБ роЪро┐ро░роороорпН роРропро╛. <br><br>ро╡роирпНродро╛.. Speed роЕродро┐роХрооро╛ропро┐роЯрпБроорпН. <br><br>I have a doubt.. It could be a life threat for him. Bcoz their stakes are high. <br><br><br>How Savukku is going to manage these BEASTS of POWER  .. родроХрпБродро┐ роЗро▓рпНро▓ро╛родро╡ройрпБроЩрпНроХ - рокрпЖро░ро┐роп роЗроЯродрпНродрпБроХрпНроХрпБ роЖроЪрпИрокрпНрокроЯрпБро╡родрпЗ роХро╛ро░рогроорпН!,brbr speed brbri doubt could life threat bcoz stakes high brbrbrhow savukku going manage beasts power,Negative,NEGATIVE
роироорпН роЕро▒рпНрокрпБродрооро╛рой роирпАродро┐рооройрпНро▒роЩрпНроХро│рпН роЪро╡рпБроХрпНроХрпБ роЪроЩрпНроХро░рпИ роХро╛роХрпНроХрпБроорпН,,Neutral,Neutral
"<a href=""https://www.youtube.com/watch?v=oYj-PkAKLbA&amp;t=94"">1:34</a> Vanakkam",hrefhttpswwwyoutubecomwatchvoyjpkaklbaampta vanakkam,Neutral,NEGATIVE
роОрокрпНрокрпЛ ро╖роЩрпНроХро░рпН ро╡рпЖро│ро┐ропро┐ро▓ ро╡ро░рпБро╡рпАроЩрпНроХ ЁЯШо,,Neutral,Neutral
ро╡ро╛роЯро╛ рокрпБро░рпЛроХрпНроХро░рпН рокрпКройрпНройрпБро░роЩрпНроХроорпНЁЯШВЁЯШВЁЯШВ,,Neutral,Neutral
роЪро╡рпБроХрпН роЕрогрпНрогройрпН роорпЗро▓рпН роЗройрпНро▒рпБ роорпЗро▓рпБроорпН роТро░рпБ роЕро╡родрпВро▒рпБ ро╡ро┤роХрпНроХрпБ рокрпЛроЯрпНроЯрпБро│рпНро│ро╛ро░рпНроХро│рпН роЗродрпИ ро╡ройрпНроорпИропро╛роХ роиро╛ройрпН роХрогрпНроЯро┐роХрпНроХро┐ро▒рпЗройрпН,,Neutral,Neutral
Savukku is very great,savukku great,Positive,POSITIVE
Y these chief reporters r not reporting like this  news..what doing all news channels..,chief reporters r reporting like newswhat news channels,Positive,NEGATIVE
роЗроЩрпНроХрпБродрпБродрпБродрпВро╡рпЖро│рпНро│рпИропройрпНроЖроЯрпНроЪро┐роироЯроХрпНроХрпБродрпБ,,Neutral,Neutral
роПройрпНроЯро╛ роЪро╡рпБроХрпНроХрпБ роиро╛ропрпЗ роХроЯро╡рпБро│рпН роЗро▓рпНро▓рпИройрпБ роЪрпКро▓рпНро▓ро┐роЯрпНроЯрпБ роТро┤рпБроХрпНроХроорпН роХрпЖроЯрпНроЯрпБ роОропрпНроЯрпНро╕рпН ро╡роирпНрод роиро╛ропрпА роирпА роирпАропрпЖро▓рпНро▓ро╛роорпН роТро┤рпБроХрпНроХродрпНродрпИ рокро╛роЯроорпН роОроЯрпБроХрпНроХрпБро▒ рокро░родрпЗроЪро┐ роЕроЯрпБродрпНродро╡ройрпН рокрпКрогрпНроЯро╛роЯрпНроЯро┐ роп роУроЪрпА ро▓ родро│рпНро│рпАроЯрпНроЯрпБ ро╡роирпНрод роиро╛ропрпА роЙроЩрпНроХ роЕроорпНрооро╛ ро╡ роЕроЯрпБродрпНрод роЖроорпНрокро│рпИропрпЛроЯ роЕройрпБрокрпНрокрпБроорпН роирпА родро╛ройрпН рокрпБро░роЯрпНроЪро┐ропро╛ро│ро░рпН рокрпБроЯрпБроЩрпНроХро┐ропрпЛ рокрпБрогрпНроЯрпИ роиро╛ропрпН роХрпВроЯ роЪрпАроЪройрпБроХрпНроХрпБ родро╛ройрпН роЯро╛ рокрпЛропрпН роПро▒рпБроорпН роирпА роиро╛роп ро╡ро┐роЯ роХрпЗро╡ро▓рооро╛рой роиро╛ропрпН роЯро╛,,Neutral,Neutral
enable super thanks. so we can donate,enable super thanks donate,Positive,POSITIVE
Love тЭдя╕П u ss anna ЁЯФе,love u ss anna,Positive,POSITIVE
37000 рокро│рпНро│ро┐роХро│рпН роЙро│рпНро│родрпБ рокро│рпНро│ро┐роХрпНроХрпБ 10 роЖропро┐ро░роорпН роОройрпНро▒ро╛ро▓рпН роХрпВроЯ 37 роХрпЛроЯро┐ ро╡ро░рпБроорпНройрпБ роТро░рпБ роХрогроХрпНроХрпБ рокрпЛроЯрпНроЯрпБ роЗро░рпБрокрпНрокро╛ро░рпНроХро│рпН роХрогроХрпНроХрпБ роЪрпЖропрпНро╡родро┐ро▓рпН родро┐роорпБроХ роХрпИродрпЗро░рпНроирпНрод роХрпКро│рпНро│рпИропро░рпНроХро│рпН,,Neutral,Neutral
роЕроЯрпЗроЩрпНроХрокрпНрокро╛ роЖройрпНрооро┐роХ роЕро░роЪро┐ропро▓рпН роЗро▓рпНро▓ро╛рооро▓рпН роЗроирпНрод ро╕ро┐ро╕рпНроЯроорпН роЙро░рпБрокрпНрокроЯро╛родрпБ роПройрпЖройрпНро▒ро╛ро▓рпН роХроЯро╡рпБро│рпИ роПро▒рпНроХро╛род роорпБроЯрпНроЯро╛ро│рпНродройроорпН роЗродрпИ ро╡рпИродрпНродрпБ роХро╛роЪрпБ рокро╛ро░рпНроХрпНроХрпБроорпН роиро╛ропрпН роЪро╡рпБроХрпНроХрпБ роЙроЯрпНрокроЯ роЕройрпИродрпНродрпБ роЕро░роЪро┐ропро▓рпН роиро╛ропрпНроХро│рпБроорпН,,Neutral,Neutral
"роТро╡рпНро╡рпКро░рпБ ро╕рпНроХрпВро▓рпН рокро┐ро│рпНро│рпИроХро│рпИропрпБроорпН родро┐. роорпБ роХ. MLA, рооро▒рпНро▒рпБроорпН роЕроорпИроЪрпНроЪро░рпНроХро│рпН ро╡рпАроЯрпБроХро│ро┐ро▓рпН рокрпЛропрпН роиро┐родро┐ ро╡роЪрпВро▓рпН роЪрпЖропрпНроп роЕройрпБрокрпНрокро┐ройро╛ро▓рпН  40 роХрпЛроЯро┐ ропрпБроорпН роХро┐роЯрпИроХрпНроХрпБроорпН роОройрпНро▒рпБ роиро┐ройрпИроХрпНроХро┐ро▒рпЗройрпН.",mla,Neutral,POSITIVE
роЬроорпИроХрпНроХро╛ро╡ро┐ро▓рпН родрооро┐ро┤ро░рпН роХрпКро▓рпИ!<br><br>роорпЗро▒рпНроХро┐роирпНродро┐ропродрпН родрпАро╡рпБроХро│ро┐ро▓рпН роТройрпНро▒ро╛рой роЬроорпИроХрпНроХро╛ро╡ро┐ро▓рпН роЙро│рпНро│ роЪрпВрокрпНрокро░рпН рооро╛ро░рпНроХрпНроХрпЖроЯрпНроЯро┐ро▓рпН роХрпКро│рпНро│рпИропро░рпНроХро│рпН рокрпБроХрпБроирпНродрпБ родрпБрокрпНрокро╛роХрпНроХро┐роЪрпН роЪрпВроЯрпБ роироЯродрпНродро┐ропродро┐ро▓рпН роирпЖро▓рпНро▓рпИ роорпАройро╛роЯрпНроЪро┐рокрпБро░родрпНродрпИроЪрпН роЪрпЗро░рпНроирпНрод ро╡ро┐роХрпНройрпЗро╖рпН роОройрпНро▒ роЗро│рпИроЮро░рпН роЙропро┐ро░ро┐ро┤рокрпНрокрпБ.<br>Intha issue knjm address panunga ЁЯЩПЁЯЩП,brbr brintha issue knjm address panunga,Neutral,NEGATIVE
роЕро░рпБроорпИропро╛рой роХро░рпБродрпНродрпБроХрпНроХро│рпИ роЕро▒рпНрокрпБродрооро╛роХ роЪрпКройрпНройрпАро░рпНроХро│рпН,,Neutral,Neutral
Super sir great savuku,super sir great savuku,Positive,POSITIVE
роЪро┐роЩрпНроХроорпН роХро╛роЯрпНроЯро┐ро▓рпН роЗро▓рпНро▓рпИ роЖройро╛ро▓рпН роЪро┐роЩрпНроХродрпНродрпИ рокро▒рпНро▒ро┐роп рокропроорпН роЗро░рпБроХрпНроХрпБродрпБ,,Neutral,Neutral
роирпАроЩрпНроХ ро╡ро░ройрпБроорпН роЕродрпБродро╛ройрпН роОроЩрпНроХ роОройро░рпНроЬро┐!,,Neutral,Neutral
School students kita vasul panna poranga thalaikku 50 rs,school students kita vasul panna poranga thalaikku rs,Neutral,NEGATIVE
Savuku savu da,savuku savu da,Neutral,NEGATIVE
роирпАроЩрпНроХро│рпН роЯро╛роХрпНроЯро░рпН роорпБродрпНродрпБро▓роЯрпНроЪрпБрооро┐ ро░рпЖроЯрпНроЯро┐ роороХрокрпНрокрпЗро▒рпБ роиро┐родро┐ роЙродро╡ро┐ родро┐роЯрпНроЯродрпНродро┐ро▓рпН роПро┤рпИ роХро░рпНрокрпНрокро┐рогро┐ родро╛ропрпНрооро╛ро░рпНроХро│рпБроХрпНроХрпБ роХро░рпНрокрпНрокроХрпН роХро╛ро▓родрпНродро┐ро▓рпН рокрпЗро▒рпБроХро╛ро▓ роиро┐родро┐ роЙродро╡ро┐родрпН родрпКроХрпИропро╛роХ  ро░рпВ. 18000 ро░рпВрокро╛ропрпН родро░ро╛родродрпБ рокро▒рпНро▒ро┐ рокрпЗроЪ ро╡рпЗрогрпНроЯрпБроорпН... роХрпБро┤роирпНродрпИ рокрпЖро▒рпНро▒ рокрпЖрогрпНроХро│рпН родроЩрпНроХро│родрпБ роХрпБро┤роирпНродрпИроХро│рпН 2 ро╡ропродрпБ роЖроХро┐ропрпБроорпН роХрпВроЯ родро░рокрпНрокроЯро╛род роиро┐ро▓роорпИ роЙро│рпНро│родрпБ... роХрпЗро╡ро▓рооро╛рой роЕро░роЪрпБ...,,Neutral,Neutral
Old video,old video,Neutral,NEGATIVE
Avanga appanuku matum elathaiyum panuvanunga public tax la public ku pana valikum intha thayoli naingaluku,avanga appanuku matum elathaiyum panuvanunga public tax la public ku pana valikum intha thayoli naingaluku,Neutral,NEGATIVE
"<a href=""https://www.youtube.com/watch?v=oYj-PkAKLbA&amp;t=87"">1:27</a> vanakkam maalathi ilaye ЁЯдФenga poitanga savuku sir",hrefhttpswwwyoutubecomwatchvoyjpkaklbaampta vanakkam maalathi ilaye enga poitanga savuku sir,Neutral,NEGATIVE
роЕрогрпНрогройрпН родрпЗро╡рпИропройро╛ роЖрокрпНрокрпБ роЕроЯро┐роЪрпНроЪро┐роЯрпНроЯрпБроЯрпНроЯрпБ родро╛ рокрпЛропро┐ро░рпБроХрпНроХро╛ро░рпН роЙро│рпНро│ ЁЯШЕ,,Neutral,Neutral
роХроЯро╡рпБро│рпН  роПройрпН роХро▓рпНро▓ро╛ройро╛ройрпН рооройроорпН роХро▓рпНро▓ро╛ропрпН рокрпЛрой рооройро┐родро░рпНроХро│ро╛ро▓рпЗ,,Neutral,Neutral
роЗродрпБ роороЯрпНроЯрпБроорпЗ роЙрогрпНроорпИропро╛рой роКроЯроХроорпНЁЯОЙ,,Neutral,Neutral
Swachit Bharth mission kana panathai central govt state ku kudithidum website pathigana irukum,swachit bharth mission kana panathai central govt state ku kudithidum website pathigana irukum,Neutral,NEGATIVE
роЪро┐ро▒рокрпНрокрпБЁЯОЙ,,Neutral,Neutral
родро┐ро░рпБ роЪро╡рпБроХрпНроХрпБ роЪроЩрпНроХро░рпН роЕро╡ро░рпНроХро│рпН роирпАродро┐рооройрпНро▒ роЙродрпНродро░ро╡рпИ роородро┐роХрпНроХро╛родро╡ро░рпН роЕро▓рпНро▓ роПродрпЛ роТро░рпБ роХро╛ро░рогродрпНродро╛ро▓рпН роЕро╡ро░рпН роЪро┐ро▒рпИ роЪрпЖройрпНро▒ро┐ро░рпБроХрпНроХро┐ро▒ро╛ро░рпН роорпАрогрпНроЯрпБроорпН ро╡ро░рпБро╡ро╛ро░рпН рокрпКро░рпБродрпНродро┐ро░рпБроирпНродрпБ рокро╛ро░рпНрокрпНрокрпЛроорпН,,Neutral,Neutral
Mudhalvan Naa nii ni mattum adi Naa тЭдтЭдтЭдтЭдтЭдтЭдтЭдтЭдтЭдтЭдтЭдтЭд,mudhalvan naa nii ni mattum adi naa,Neutral,NEGATIVE
Anna private limited .... DMK private limited company,anna private limited dmk private limited company,Negative,POSITIVE
Super,super,Positive,POSITIVE
роЕройрпНрокро┐ро▒рпНроХрпБроорпН рооро┐роХрпБроирпНрод рооро░ро┐ропро╛родрпИроХрпНроХрпБро░ро┐роп роЕройрпНрокрпБроХрпНроХрпБро░ро┐роп роЪро╡рпБроХрпН роорпАроЯро┐ропро╛ро╡ро┐ройрпН ро▓ро┐ропрпЛ роЪро╛ро░рпН роЕро╡ро░рпНроХро│рпБроХрпНроХрпБроорпН рооро▒рпНро▒рпБроорпН роЗроирпНродро┐ропро╛ро╡ро┐ро▓рпН роЗро░рпБроХрпНроХрпБроорпН ро╡рпЖро▓рпН ро╡рпАро░ро░рпНроХро│рпБроХрпНроХрпБроорпН роОройрпНройрпБроЯрпИроп роиро▓рпНро╡ро╛ро┤рпНродрпНродрпБроХрпНроХро│рпН роЕройрпНрокрпБроХрпНроХрпБро░ро┐роп роЖроЪро┐ро░ро┐ропро░рпН роЕро╡ро░рпНроХро│рпН роОродро┐ро░рпНрокро╛ро░рпНродрпНродрпБ родро╛ройрпН роХрпКрогрпНроЯро┐ро░рпБроХрпНроХро┐ро▒рпЛроорпН роЕро╡ро░рпН роиро▓роорпБроЯройрпН родро┐ро░рпБроорпНрокро┐ роиро▓рпНро▓рокроЯро┐ родро┐ро░рпБроорпНрокро┐ ро╡роирпНродрпБ роОройрпНрокро╡ро░рпНроХро│рпБроХрпНроХрпБроорпН роиро▓рпНро▓ роХро░рпБродрпНродрпБроХрпНроХро│рпИ роЕро╡ро░рпНроХро│рпН ро╡ро┤роЩрпНроХ ро╡рпЗрогрпНроЯрпБроорпН роЕродрпБродро╛ройрпН роОроЩрпНроХро│рпБроЯрпИроп роЖроЪрпИ ро╡ро╛ро┤рпНроХ ро╡ро│роорпБроЯройрпН роЕро╡ро░рпНроХро│рпН,,Neutral,Neutral
Leo and shankar go and study in central govt. website. DonтАЩt do false narrative on central govt. scheme,leo shankar go study central govt website dont false narrative central govt scheme,Neutral,NEGATIVE
ро╡рпЖро│ро┐ропрпЗ ро╡роирпНродрпБ роЪро╡рпБроХрпНроХро╛ро▓ роЕроЯро┐роЩрпНроХ,,Neutral,Neutral
Tomorrow  coming  soon,tomorrow coming soon,Neutral,POSITIVE
роХро░рпБрогро╛роиро┐родро┐роХрпНроХрпБ ро╡ро┐ро┤ро╛ роироЯродрпНродрпБро╡родро▒рпНроХрпБ роОродро▒рпНроХрпБ рокрпКродрпБроороХрпНроХро│рпН рокрогроорпН родро░ ро╡рпЗрогрпНроЯрпБроорпН? роЕро╡ройрпН роХрпКро│рпНро│рпИропроЯро┐родрпНродрпБ ро╡рпИродрпНродро┐ро░рпБроХрпНроХрпБроорпН рокрогродрпНродрпИ роЕро╡ройрпН ро╡ро╛ро░ро┐роЪрпБроХро│рпНродро╛ройрпЗ роЕройрпБрокро╡ро┐роХрпНроХро┐ро▒ро╛ро░рпНроХро│рпН! роЕроирпНрод рокрогродрпНродрпИ роЗроирпНрод родро┐ро░рпБроЯрпНроЯрпБ роХрпБроорпНрокро▓родро╛ройрпЗ роХрпКроЯрпБроХрпНроХ ро╡рпЗрогрпНроЯрпБроорпН!,,Neutral,Neutral
родро┐роорпБроХ родрпЗро░рпНродро▓рпН роЕро▒ро┐роХрпНроХрпИ 390 роОройрпНройро╛роЪрпНроЪрпБ?,,Neutral,Neutral
роЪро┐ройрпНройроЪрпБроЯро▓рпИ - роЗро╡ройрпБроХрпНроХрпБ роЪро╛ропрпНроирпНродро┐ро░роорпН 4 роорогро┐роХрпНроХрпБ родро╛ройрпН рокрпЛродрпИ родрпЖро│ро┐ропрпБроорпНЁЯШВЁЯШВЁЯШВ...,,Neutral,Neutral
роЪро╡рпБроХрпНроХрпБ роЕрогрпНрогро╛ ро╡ро┐ро░рпИро╡ро┐ро▓рпН ро╡рпЖро│ро┐ропрпЗ ро╡ро░рогрпБроорпНтЭдтЭдтЭд,,Neutral,Neutral
роЪро╡рпБроХрпНроХрпБ роЕрогрпНрогро╛ ро╡ро┐ро░рпИро╡ро┐ро▓рпН ро╡рпЖро│ро┐ро╡ро░ро╡рпЗрогрпНроЯрпБроорпН,,Neutral,Neutral
Sankarneee....,sankarneee,Neutral,POSITIVE
рокрпЛродрпИ роХроЯродрпНродро▓рпН роорпВро▓роорпН ро╡роирпНрод роЪроЯрпНроЯро╡ро┐ро░рпЛрод роХро│рпНро│ роХро░рпБрокрпНрокрпБ рокрогродрпНродрпИ ро╡рпЖро│рпБрокрпНрокро╛роХ рооро╛ро▒рпНро▒ роЕро░роЪрпБ родрпБро▒рпИроХро│рпН роХрпБро▒ро┐рокрпНрокро╛роХ родрооро┐ро┤рпН роиро╛роЯрпБ роХро▓рпНро╡ро┐ родрпБро▒рпИропрпИ роорпБро▒рпИроХрпЗроЯро╛роХ рокропройрпНрокроЯрпБродрпНродро┐ роХрпКрогрпНроЯрпБро│рпНро│ройро░рпН.. роЗроирпНрод роЪро╛ро░рогро░рпН ро╡ро┐ро┤ро╛ роЪрпБро▒рпНро▒ро▒ро┐роХрпНроХрпИ роХрпВроЯ роЕродро┐ро▓рпН роТро░рпБ ро╡роХрпИропро╛роХ роЗро░рпБроХрпНроХро▓ро╛роорпН.,,Neutral,Neutral
Savukku sir very inteligent  one man army,savukku sir inteligent one man army,Neutral,POSITIVE
Savukku sirтАжтАжVera Level ya neтАжтАж.Already Ella video um ready pantu than poi irukinga polaЁЯФеЁЯФеЁЯФеЁЯФеЁЯФеЁЯФеЁЯФеЁЯФеЁЯФеЁЯФеЁЯФеЁЯФе,savukku sirvera level ya nealready ella video um ready pantu poi irukinga pola,Positive,NEGATIVE
Again Arrest to make him stop but even now Savukku &amp; his team rocking ЁЯдйЁЯСПЁЯП╗ЁЯСПЁЯП╗ЁЯСН.. Even now they are bringing TN issues to PPl.. Gudos to Savukku Anna &amp; his Team ЁЯлб,arrest make stop even savukku amp team rocking even bringing tn issues ppl gudos savukku anna amp team,Negative,NEGATIVE
роЗройрпНро▒рпБ роородрпБро░рпИ роЪро┐ро▒рпИропро┐ро▓рпН ро╡рпИродрпНродрпБ рооро▒рпНро▒рпКро░рпБ ро╡ро┤роХрпНроХро┐ро▓рпН роХрпИродрпБ роЪрпЖропрпНродрпБ роЗро░рпБроХрпНроХро┐ро▒ро╛ро░рпНроХро│рпН роЗроирпНрод рокропроорпН роХрпКрогрпНроЯ роЕро░роЪрпБ .  роТро░рпБ родройро┐ рооройро┐родро░ро┐ройрпН роЙрогрпНроорпИроХрпНроХрпБ роорпБройрпНройро╛ро│рпН рокропроорпН роХрпКрогрпНроЯрпБ роЕро▓ро▒рпБроХро┐ро▒родрпБ родро┐роорпБроХ роЕро░роЪрпБ .,,Neutral,Neutral
V r waiting for Shankar,v r waiting shankar,Neutral,POSITIVE
тЭдтЭдтЭдЁЯОЙЁЯОЙЁЯОЙ,,Neutral,Neutral
роЕрогрпНрогрпЗ   роТро░рпБ ро╡ро╛ро░родрпНродрпБроХрпНроХрпБ роорпБройрпНройро╛роЯро┐ роЗро░рпБроирпНродрпБ роирпАроЩрпНроХ рооро┐ропрпВроЪро┐роХрпН ( intro music )рокрпЛроЯрпНроЯрпБ роЗро░рпБроирпНродрпАроЩрпНроХро│ро╛... роЕродрпБро╡рпЗ ро░рпКроорпНрок роиро▓рпНро▓ро╛ роЗро░рпБроХрпНроХрпБ роЕродрпИ ропрпВро╕рпН рокрогрпНрогрпБроЩрпНроХ  ЁЯСН,intro music,Neutral,POSITIVE
Pls dont change that music used before...,pls dont change music used,Positive,NEGATIVE
родроорпНрокро┐ роирпАроЩрпНроХро│рпН роЪрпАроХрпНроХро┐ро░роорпН ро╡рпЖро│ро┐ропрпЗ ро╡ро░ ро╡рпЗрогрпНроЯрпБроорпН рооройроЪрпЗ роЪро░ро┐ропро┐ро▓рпНро▓рпИ,,Neutral,Neutral
Savukku sir jail la irukkumbothu yeppadi sir interview,savukku sir jail la irukkumbothu yeppadi sir interview,Neutral,NEGATIVE
ЁЯФеродро▓рпИро╡ройрпИ рокрпБроЯро┐родрпНродрпБ роЪро┐ро▒рпИропро┐ро▓рпН ро╡рпИродрпНродро╛ро▓рпН ро╡рпАроЯро┐ропрпЛ рокродро┐ро╡рпБ ро╡ро░ро╛родрпБ роОройрпНро▒рпБ роиро┐ройрпИродрпНродро╡ро░рпНроХро│рпН роЗродрпИ роОродро┐ро░рпНрокро╛ро░рпНродрпНродро┐ро░рпБроХрпНроХ рооро╛роЯрпНроЯро╛ро░рпНроХро│рпН... роЗродрпБродро╛ройрпН роЪро╡рпБроХрпНроХрпБ роЕрогрпНрогро╛ родрпКро▓рпИроирпЛроХрпНроХрпБ рокро╛ро░рпНро╡рпИ ЁЯФеЁЯФеЁЯФеЁЯФе,,Neutral,Neutral
thanks for the videos.,thanks videos,Positive,POSITIVE
Savukku Sir released or not.,savukku sir released,Neutral,POSITIVE
роЪро╡рпБроХрпНроХрпБ роЪроЩрпНроХро░рпН ро╡рпЖро│ро┐ропрпЗ ро╡ро░ро╡рпЗрогрпНроЯрпБроорпН,,Neutral,Neutral
"Surprised to see these videos, awesome strategy ЁЯОЙ , hope the govt machinery donтАЩt aim for another adventure this time , especially when honourable Supreme Court warned eventually last time and govt team advocates said having understood the writing on the wall of honourable Supreme Court",surprised see videos awesome strategy hope govt machinery dont aim another adventure time especially honourable supreme court warned eventually last time govt team advocates said understood writing wall honourable supreme court,Positive,POSITIVE
"Sir come soon, v r waiting for authentic news to know by you<br>Videos are too short , deliver long video as usual sir . come soon I support savukku shankar",sir come soon v r waiting authentic news know youbrvideos short deliver long video usual sir come soon support savukku shankar,Positive,NEGATIVE
Super sir.... <br><br>Thank you for your information,super sir brbrthank information,Positive,POSITIVE
тЭдтЭд,,Neutral,Neutral
Souku mee thaan DMK varuvatharku  help panni  avan,souku mee thaan dmk varuvatharku help panni avan,Positive,POSITIVE
"роЪро╡рпБроХрпНроХрпБ sir, swachh Bharat  родро┐роЯрпНроЯроорпН рокро▒рпНро▒ро┐ рокрпЗроЪрпБроЩрпНроХро│рпН, роЗроирпНрод родро┐роЯрпНроЯродрпНродро┐ро▓рпН родрпБрогрпИ роЗро░ро╛рогрпБро╡ роЬро╡ро╛ройрпН роХро│рпИ ро╡рпИродрпНродрпБ роЪрпБродрпНродроорпН роЪрпЖропрпНропрокроЯрпБроХро┐ро▒родрпБ",sir swachh bharat,Neutral,POSITIVE
Stand with savukku,stand savukku,Neutral,POSITIVE
DMK benomies will give,dmk benomies give,Neutral,POSITIVE
Va thala ulla irunthalum inemae enga thala video varun pre recorded infinity тЩ╛я╕П,va thala ulla irunthalum inemae enga thala video varun pre recorded infinity,Neutral,NEGATIVE
роЯрпЗропрпН роЪро░роХрпНроХрпБ  роЪроЩрпНроХро░рпН   роКро┤ро▓рпНро░ро╛рогро┐  роЖро╕рпНрокродрпНродро┐ро░ро┐ропро┐ро▓рпН  роЗро░рпБроХрпНроХрпБроорпН  рокрпЛродрпБ   роЗроЯрпНро▓ро┐  рокро┐ро░ро┐ропро╛рогро┐  родро┐ройрпНро▒рпБ  роЕро░роЪрпБ рокрогродрпНродрпИ  роХро╛ро▓ро┐роЪрпЖропрпНродро╛ро░рпНроХро│рпЗ  роЕрокрпНрокрпЛ  роирпАропро┐  рокрпБроЯрпБроЩрпНроХро╡ро╛  рокрпЛропро┐ро░рпБроирпНродро╛ропрпН,,Neutral,Neutral
роОроЩрпНроХро│рпН рооро░ро┐ропро╛родрпИроХрпНроХрпБро░ро┐роп роЪро╡рпБроХрпНроХрпБ роЕрогрпНрогро╛ро╡рпИ ро╡ро┐роЯрпБродро▓рпИ роЪрпЖропрпНроп ро╡рпЗрогрпНроЯрпБрпНроорпН....,,Neutral,Neutral
рооро┐ройро┐ рокро╕рпНро▓ роЗро░роЯрпНроЯрпИ роЗро▓рпИ роЪро┐ройрпНройродрпНродрпИ роЕро░роЪрпБ роЪрпЖро▓ро╡ро┐ро▓рпН ро╡ро░рпИроирпНродродрпБ роЕродро┐роорпБроХ родро╛ройрпЗ,,Neutral,Neutral
роОро╡ройрпН ро╡рпАроЯрпНроЯрпБ роХро╛роЪрпБро▓ роХроЯрпНроЯрпБрооро░родрпНродрпБроХрпНроХрпБ ро╡ро┐ро┤ро╛?,,Neutral,Neutral
Red giant la irunthu vaangikalam ЁЯШВ,red giant la irunthu vaangikalam,Neutral,POSITIVE
роорпБроЯрпНроЯро╛ро│рпН роЕро░роЪрпБ,,Neutral,Neutral
Savuku on fire ЁЯФе,savuku fire,Negative,NEGATIVE
What&#39;s the status of Savukku Bail??,whats status savukku bail,Neutral,NEGATIVE
Background Thalapathy photo kannamme sankar Sir plz add him,background thalapathy photo kannamme sankar sir plz add,Positive,NEGATIVE
"<a href=""https://www.youtube.com/watch?v=oYj-PkAKLbA&amp;t=335"">5:35</a> min When Leo talks about history of Scouts <br>My mind voice be like oru velai leo TNPSC aspirant ah iruparo enavo <br>ЁЯдФЁЯдФ",hrefhttpswwwyoutubecomwatchvoyjpkaklbaampta min leo talks history scouts brmy mind voice like oru velai leo tnpsc aspirant ah iruparo enavo br,Positive,NEGATIVE
ЁЯОЙЁЯОЙЁЯОЙЁЯОЙЁЯОЙЁЯОЙ,,Neutral,Neutral
родро▓рпИро╡ро╛ роЪрпАроХрпНроХро┐ро░рооро╛,,Neutral,Neutral
роОройрпНрой родро╛ройрпН роЪро╛ро░рпН роироЯроХрпНроХрпБродрпБ роЕро░роЪро╛роЩрпНроХродрпНродрпБро▓ роХрпЗроЯрпНроХ роХрпЗроЯрпНроХ родро▓рпИропрпЗ роЪрпБродрпНродрпБродрпБ ЁЯШоЁЯШо...роОродрпЛ роХрпБро┤роирпНродрпИ роЕро┤рпБродро╛ро▓рпН рокрпКроорпНроорпИропроХрпКроЯрпБро▒родрпБ рокрпЛро▓ ро╕рпНроЯро╛ро▓ро┐ройрпН роЕро╡ро░рпН роороХройрпН  роЖроЯрпНроЪро┐ропрпИ роХрпИропро┐ро▓рпН роХрпКроЯрпБроХрпНроХ рокрпЛро▒ро╛ро░рпН рооро╛роЯрпНроЯро┐роХро┐роЯрпНроЯрпБ роорпБро┤ро┐роХрпНроХ рокрпЛро▒родрпБ роЕрокрпНрокро╛ро╡ро┐ роПро┤рпИ роороХрпНроХро│рпН родро╛ройрпН ... роЗродрпЖро▓рпНро▓ро╛роорпН роОроЩрпНроХ рокрпЛропрпН роорпБроЯро┐роп рокрпЛроХрпБродрпЛ...ЁЯШоЁЯШо,,Neutral,Neutral
"DmkроТро░рпБ   _   _   ,ЁЯШЖЁЯдгЁЯдгЁЯдг",dmk,Neutral,NEGATIVE
роЪрпАроХрпНроХро┐ро░роорпН ро╡рпЖро│ро┐ропрпЗ ро╡ро╛роЩрпНроХ роЕрогрпНрогро╛.. роХро╛родрпНродро┐ро░рпБроХрпНроХрпЛроорпН.. тЭдя╕П,,Neutral,Neutral
I&#39;m getting Rajiyapurashkar award bro..... Anna nala irukangala,im getting rajiyapurashkar award bro anna nala irukangala,Positive,POSITIVE
родрпЖро┤рпБроЩрпНроХрпБ родрпЗро╡рпБроЯро┐ропро╛ родро╛ропрпНро▓ро┐роХро│рпИ роЖроЯрпНроЪро┐роХрпНроХрпБ роХрпКрогрпНроЯрпБро╡ро░ роХро│рпНро│роУроЯрпНроЯрпБрокрпЛроЯ роЙродро╡рпБрокро╡ро░рпНроХро│рпЗ роЕро░роЪрпБрокро│рпНро│ро┐ роЖроЪро┐ро░ро┐ропро░рпНроХро│рпНродро╛ройрпН <br><br><br>роЖроЪро┐ро░ро┐ропро░ройроХро│рпН роОройрпНро▒ рокрпЛро░рпНро╡рпИропро┐ро▓рпН роХрпКро│рпНро│рпИропроЯро┐роХрпНроХрпБроорпН роХрпБроорпНрокро▓ро╛рой роЕроирпНрод роХрпКро│рпНро│рпИроХро╛ро░ родро╛ропрпНро▓ро┐роХро│рпБроХрпНроХрпБ роЗродрпБ родрпЗро╡рпИродро╛ройрпН,brbrbr,Neutral,NEGATIVE
Unmai  kanthu vattikaran than tax ellamal kollaiyadikkiran,unmai kanthu vattikaran tax ellamal kollaiyadikkiran,Neutral,NEGATIVE
роороХрпНроХро│рпЛроЯ роорпИрогрпНроЯрпН ро╡ро╛ропрпНро╕рпН роороХрпНроХро│рпН роОроЩрпНроХро│рпБроХрпНроХрпБ роУроЯрпНроЯрпБ рокрпЛроЯрпБро╡родро▒рпНроХрпБ тВ╣1000 роЗро░рпБроирпНродро╛ рокрпЛродрпБроорпН рокро╛... родрооро┐ро┤рпНроиро╛роЯрпБ роОро╡рпНро╡ро│ро╡рпБ роХроЯройрпН ро╡ро╛роЩрпНроХро┐ройро╛ роОройрпНрой ро╡ро╛роЩрпНроХро▓рпИройрпНройро╛ роОройрпНрой,,Neutral,Neutral
Why reduce duration need lengthy videos with informative videos as well as you doing..,reduce duration need lengthy videos informative videos well,Positive,POSITIVE
1hour video podunga,hour video podunga,Neutral,NEGATIVE
роОродро┐ро░ро┐роХро│рпИ рокро┐ро▒рокрпНрокродро┐ро▓рпНро▓рпИ родро┐роорпБроХ роЙро░рпБро╡ро╛роХрпНроХро┐роХрпКро│рпНроХро┐ро▒родрпБЁЯОЙЁЯОЙЁЯОЙЁЯОЙЁЯОЙЁЯОЙЁЯОЙЁЯОЙЁЯОЙ роорпАрогрпНроЯрпБроорпН роЪро╡рпБроХрпНроХрпБ роЪроЩрпНроХро░рпН роЗройрпНро▒рпБ рокрпБродро┐роп ро╡ро┤роХрпНроХро┐ро▓рпН роХрпИродрпБ тЭдтЭдтЭдтЭдтЭдтЭдтЭдтЭдтЭд19/12/2024,,Neutral,Neutral
роЗродрпЗ рокро│рпНро│ро┐ роЖроЪро┐ро░ро┐ропро░рпНроХро│рпНродро╛ройрпН родро┐роорпБроХро╡рпИ родрпВроХрпНроХро┐рокрпНрокро┐роЯро┐родрпНродрпБ роУроЯрпНроЯрпБ рокрпЛроЯрпНроЯрпБ роЖроЯрпНроЪро┐ропро┐ро▓рпН роЕрооро░рпНродрпНродро┐ройро╛ро░рпНроХро│рпН роЕродро▒рпНроХрпБ родрогрпНроЯройрпИ рокро┐роЪрпНроЪрпИ роОроЯрпБродрпНродрпЗ роЖроХ ро╡рпЗрогрпНроЯрпБроорпН ЁЯШв роЪро╛родро╛ро░рог роПро┤рпИ рокрпКродрпБроороХрпНроХро│рпН роороЯрпНроЯрпБроорпН родро┐рогрпНроЯро╛роЯро┐ройро╛ро▓рпН рокрпЛродрпБрооро╛,,Neutral,Neutral
роЖроЪро┐ро░ро┐ропро░рпНроХро│рпН роЕройрпИро╡ро░рпБроорпН родро┐роорпБроХ,,Neutral,Neutral
роЪро╡рпБроХрпНроХрпБ роЪроЩрпНроХро░рпН ро╡рпЖро│ро┐ ро╡ро░ ро╡рпЗрогрпНроЯрпБроорпН.,,Neutral,Neutral
"роЪрпЖро╕рпН ро╡рпАро░ро░рпН,рооро▒рпНро▒рпБроорпН роХрпЗро░роорпН ро╡рпАро░ро░рпНроХро│рпБроХрпНроХрпБ роХрпЛроЯро┐роХро│ро┐ро▓рпН рокро░ро┐роЪрпБродрпН родрпКроХрпИ роЕро▒ро┐ро╡ро┐родрпНродро┐ро░рпБроХрпНроХро┐ро▒ро╛ро░рпНроХро│рпН.ропро╛ро░рпН роЕрокрпНрокройрпН ро╡рпАроЯрпНроЯрпБроХрпН роХро╛роЪрпБ ,роиройрпНро▒ро╛роХ ро╡ро╛ропрпН роЪро╡роЯро╛ро▓рпН роЪрпЖропрпНроХро┐ро▒ро╛ро░рпНроХро│рпН.роУропрпНро╡рпБ рокрпЖро▒рпНро▒ рокрпЛроХрпНроХрпБро╡ро░родрпНродрпБроХро┤роХ роКро┤ро┐ропро░рпНроХро│рпБроХрпНроХро╛рой рокрогрокрпНрокро▓ройрпН ро╡ро░рпБроЯроХрпН роХрогроХрпНроХро┐ро▓ ро╡ро┤роЩрпНроХро╡ро┐ро▓рпНро▓рпИ.  роЕро╡ро░рпНроХро│рпБроЯрпИроп ро╡ропро┐ро▒рпНро▒рпЖро░ро┐роЪрпНроЪро▓рпН роЪрпБроорпНрооро╛ ро╡ро┐роЯро╛родрпБ.",,Neutral,Neutral
роЗродрпИро╡ро┐роЯ ро╡рпЖро▒рпНро▒ро┐ ро╡рпЗро▒рпЖройрпНрой ро╡рпЗрогрпНроЯрпБроорпН роЪро╡рпБроХрпНроХро┐ро▒рпНроХрпБ.... ро╡рпЖроЯрпНроХроорпН роХрпЖроЯрпНроЯ роЕро░роЪрпБ родро┐ро░рпБроирпНрод ро╡ро╛ропрпНрокрпНрокро┐ро▓рпНро▓рпИ 2026 роТро┤ро┐роХрпНроХрокрпНрокроЯ ро╡рпЗрогрпНроЯрпБроорпН.,,Neutral,Neutral
"Even after arrest, videos are comingтАжтАж Rock bro Savukku!!!",even arrest videos coming rock bro savukku,Negative,NEGATIVE
роиро╛ро│рпИ 20/12/24 роЕройрпНро▒рпБ роЪро╡рпБроХрпНроХрпБ ро╡рпЖро│ро┐ропрпЗ ро╡роирпНродрпБ ро╡ро┐роЯрпБро╡ро╛ро░рпН.. роЗро░рогрпНроЯрпБ роиро╛роЯрпНроХро│рпН роороЯрпНроЯрпБроорпЗ родрогрпНроЯройрпИ ро╡ро┤роЩрпНроХрокрпНрокроЯрпНроЯродрпБ,,Neutral,Neutral
ро╡ро┐ро░рпИро╡ро┐ро▓рпН роЪрпБроЯро▓рпИроХрпНроХрпБ рокро╛роЯ роХроЯрпНроЯро┐роЯрпБро╡ро╛ройрпН роЪро╡рпБроХрпНроХрпБ ЁЯФе,,Neutral,Neutral
роЙрогрпНроорпИ роТро░рпБроиро╛ро│рпН<br>ро╡рпЖро▓рпНро▓рпБроорпНтЭдтЭдтЭд роЗроирпНрод роЙро▓роХроорпН<br>роЙройрпН рокрпЗро░рпН роЪрпКро▓рпНро▓рпБроорпНЁЯФеЁЯФеЁЯФе роЕройрпНро▒рпБ<br>роКро░рпЗ рокрпЛро▒рпНро▒рпБроорпН рооройро┐родройрпН<br>роирпАропрпЗ роирпАропроЯро╛  ЁЯШНЁЯе░ЁЯШШ,br br br br,Neutral,POSITIVE
"I am waiting Sankar annaтЭдЁЯСН, DMK go back ЁЯСОЁЯШнЁЯЩЖ",waiting sankar anna dmk go back,Neutral,POSITIVE
"Sir Jii, <br><br>They are sucking our blood but not  doing anything for poor and needy. <br><br>TN&#39;s total debt can be paid from that single family. They have earned from our ancestors and us. Is there any way to get rid of this family and pay all the drbt of our state. Please answer this in one interview. <br><br>So far I hv voted only for Jayalalitha Amma. After that I didn&#39;t feel. <br><br>Now I have hope on my Anna Vijay. We need a change. Wt can we do to make the people understand. <br>Please come out of those fake cases and speak for the rural people to understand wt the parties are doing",sir jii brbrthey sucking blood anything poor needy brbrtns total debt paid single family earned ancestors us way get rid family pay drbt state please answer one interview brbrso far hv voted jayalalitha amma didnt feel brbrnow hope anna vijay need change wt make people understand brplease come fake cases speak rural people understand wt parties,Negative,NEGATIVE
роЪро╡рпБроХрпНроХрпБ роЕрогрпНрогро╛ ЁЯзбЁЯдНЁЯТЪ,,Neutral,Neutral
роТро▒рпНро▒рпИ роЗро▓роХрпНроХрпБ тЭдтЭдтЭд роЗро░роЯрпНроЯрпИ роЗро▓рпИ ЁЯМ▒ЁЯМ▒ЁЯМ▒,,Neutral,Neutral
"<a href=""https://www.youtube.com/watch?v=oYj-PkAKLbA&amp;t=87"">1:27</a> Vanakkam savukku media ЁЯЩПЁЯП╗ЁЯЩПЁЯП╗",hrefhttpswwwyoutubecomwatchvoyjpkaklbaampta vanakkam savukku media,Neutral,NEGATIVE
родроХро╡ро▓рпБроХрпНроХрпБ роиройрпНро▒ро┐,,Neutral,Neutral
роЪрпКроирпНрод рокрогродрпНродро┐ро▓рпН 100 роЖрогрпНроЯрпБ ро╡ро┐ро┤ро╛ роироЯродрпНродрпБроЩрпНроХро│рпН,,Neutral,Neutral
ЁЯОЙЁЯОЙЁЯОЙЁЯОЙЁЯОЙЁЯОЙЁЯОЙЁЯОЙтЭдтЭдтЭдтЭдтЭдтЭдтЭд,,Neutral,Neutral
тнРтнРтнРтнРтнР,,Neutral,Neutral
роЕрогрпНрогройрпН  роЪро╡рпБроХрпНроХрпБ  роЪроЩрпНроХро░рпН  ро╡рпЖро│ро┐ропрпЗ  ро╡ро░ро╡рпЗ  ро╡ро╛ро┤рпНродрпНродрпБроХрпНроХро│рпН    ЁЯЩПЁЯЩПЁЯЩПЁЯЩПЁЯЩПЁЯЩП,,Neutral,Neutral
Anna seekaram veliya vanga,anna seekaram veliya vanga,Neutral,POSITIVE
роЪрпЖро╕рпН роТро▓ро┐роорпНрокро┐ропро╛ роЗро╡роЩрпНроХ роТро░рпБ роЖрогро┐ропрпБроорпН рокро┐роЯрпБроЩрпНроХ роородрпНродро┐роп роЕро░роЪрпБродро╛ройрпН роЕродро▒рпНроХрпБ рокрогроорпН роХрпКроЯрпБродрпНродродрпБ,,Neutral,Neutral
тЭдтЭдтЭдтЭдЁЯОЙ,,Neutral,Neutral
роЪроЩрпНроХро░рпН роЪро╛ро░рпН роЕро╡ро░рпНроХро│рпН ро╡рпЖро│ро┐ропрпЗ ро╡ро░ро╡рпЗрогрпНроЯрпБроорпН.,,Neutral,Neutral
Teachers kita ila student parents kita than edhu pogum,teachers kita ila student parents kita edhu pogum,Neutral,NEGATIVE
"The Tamil Nadu government has sanctioned тВ╣92 crore for the 44th Chess Olympiad, the world&#39;s biggest chess event, to be hosted by the State from July 28 to August 10 in Chennai, said Chief Minister MK Stalin.",tamil nadu government sanctioned crore th chess olympiad worlds biggest chess event hosted state july august chennai said chief minister mk stalin,Neutral,POSITIVE
Thalaiku therinjurukku pola epdiyum arrest pannuvangannu adha munnadiyae neraiya story pannivachutu poirukapula....ЁЯШВЁЯШВЁЯШВЁЯШВЁЯШВЁЯШВ,thalaiku therinjurukku pola epdiyum arrest pannuvangannu adha munnadiyae neraiya story pannivachutu poirukapula,Negative,NEGATIVE
родро▓рпИро╡ро╛ роОрокрпНрок ро╡ро░рпАроЩрпНроХ роиро╛ройрпН роЙроЩрпНроХро│рпБроХрпНроХро╛роХ роХро╛родрпНродрпБроХрпН роХрпКрогрпНроЯро┐ро░рпБроХрпНроХро┐ро▒рпЗройрпН  роЙроЩрпНроХро│рпИ роиро╛ройрпН родро▓рпИро╡ройро╛роХ рокро╛ро░рпНроХрпНроХро┐ро▒рпЗройрпН...... роОрокрпНрокрпЛродрпБроорпН роЙройрпН рокрпЗроЪрпНроЪрпБ роЪро░ро╡рпЖроЯро┐ родро╛ройрпН........ роР ро▓ро╡рпН ропрпВ родро▓рпИро╡ро╛ЁЯМ╣тЭдя╕ПтЭдя╕ПтЭдя╕ПтЭдя╕ПЁЯМ╣ЁЯМ╣ЁЯМ╣ЁЯМ╣ЁЯе░ЁЯе░,,Neutral,Neutral
"роЕроирпНрод родро░ро┐родрпНродро┐ро░роо рокрпБроЯро┐роЪрпНро╡ройрпБроХрпНроХрпБ роКро░рпНроКро░ро╛ ро╡ро┐ро┤ро╛ роОроЯрпБроХрпНроХ роЕро░роЪро╛роЩрпНроХ рокрогродрпНрод роЪрпЖро▓ро╡ро│ро┐роХрпНроХ роЗро╡ройрпБроЩрпНроХ <a href=""https://www.youtube.com/watch?v=oYj-PkAKLbA&amp;t=543"">9:03</a>  роЕрокрпНрок роКроЯрпНроЯрпБ рокрогрооро╛.роЗро░рпБроХрпНроХрпБ роЗро╡ройрпБроХрпНроХрпБ.роЪро╛ро░ройро░рпН роЗропроХрпНроХродрпБроХрпНроХрпБ роОройрпНрой роЪроорпНрокроирпНродроорпН",hrefhttpswwwyoutubecomwatchvoyjpkaklbaampta,Neutral,NEGATIVE
роЗроирпНрод ро╡рпАроЯро┐ропрпЛ роОро▓рпНро▓ро╛роорпН роОрокрпНрокрпЛ роОроЯрпБродрпНродродрпБ ??? ( роЙроЩрпНроХро│рпН роХрпИродрпНродрпБроХрпНроХрпБ рокро┐ро▒роХрпБ ро╡ро░рпБродрпБ ?),,Neutral,Neutral
Savukku blast ЁЯФеЁЯФеЁЯФеЁЯФе,savukku blast,Neutral,POSITIVE
тЭдтЭдтЭдтЭд,,Neutral,Neutral
тЭдтЭдтЭдтЭд,,Neutral,Neutral
75 Platinum Jubilee <br>Pavala vizha,platinum jubilee brpavala vizha,Neutral,POSITIVE
Anne waiting neyyyy......takkunu vangaтЭд,anne waiting neyyyytakkunu vanga,Neutral,NEGATIVE
роЕро░роЪрпБ роКро┤ро┐ропро░рпНроХро│рпН роЖроЪро┐ро░ро┐ропро░рпНроХро│рпН родро┐роорпБроХро╡ро┐ро▒рпНроХрпБ ро╡ро╛роХрпНроХро│ро┐родрпНродрпБ роиро╛роЯрпНроЯрпИ роиро╛роЪрооро╛роХрпНроХро┐роп рокро╛ро╡роорпН роЕро╡ро░рпНроХро│рпБроХрпНроХрпБ родро┐ро░рпБроорпНрокро┐ропрпБро│рпНро│родрпБ.,,Neutral,Neutral
роирпАроЩрпНроХро│рпН родро╛ройрпН роЙрогрпНроорпИропро╛рой роКроЯроХро╡ро┐ропро▓ро╛ро│ро░рпН... ро╡ро╛ро┤рпНродрпНродрпБроХрпНроХро│рпН роЕрогрпНрогро╛,,Neutral,Neutral
"<a href=""https://www.youtube.com/watch?v=oYj-PkAKLbA&amp;t=296"">4:56</a>  athe mari intha matham magaleer urimai thogai vara villa savuku @SavukkuOfficial anna, chengalpettu mavattom kadaisi matham varikum vandhu tu irunthechi intha matham vara villai ЁЯШв matha mavattangaluku enna nelamai endru theriyavillaiЁЯШФЁЯШХ",hrefhttpswwwyoutubecomwatchvoyjpkaklbaampta athe mari intha matham magaleer urimai thogai vara villa savuku savukkuofficial anna chengalpettu mavattom kadaisi matham varikum vandhu tu irunthechi intha matham vara villai matha mavattangaluku enna nelamai endru theriyavillai,Neutral,NEGATIVE
роОро▓рпНро▓ро╛роорпН роХрпКро│рпНро│рпИ роЕроЯро┐роХрпНроХ родро╛ройрпЗ,,Neutral,Neutral
Leo роЗро╡ро░рпБ роЙро│рпНро│рпЗ роЗро░рпБроХрпНроХро╛ро░ро╛ роЗро▓рпНро▓ ро╡рпЖро│ро┐ропрпЗ роЗро░рпБроХрпНроХро╛ро░ро╛?,leo,Neutral,POSITIVE
Saukku sankar anna nalla irukkangala,saukku sankar anna nalla irukkangala,Neutral,NEGATIVE
Sir you are bold and I trust you are telling truth. Government should bring a act to protect whistle blowers like you.,sir bold trust telling truth government bring act protect whistle blowers like,Positive,POSITIVE
Anna saukku sankar annaukku eanna achu,anna saukku sankar annaukku eanna achu,Neutral,POSITIVE
"Savukku Anna pls English la subtitle <a href=""http://podunga.so/"">podunga.so</a> in overall world everybody can understand your conversation and learn a lot from you.especially about judgements in various cases- you are explaining them in <a href=""http://detail.as/"">detail.as</a> an youngster who doesn&#39;t have a basic knowledge in law I learnt a lot about that from you",savukku anna pls english la subtitle hrefhttppodungasopodungasoa overall world everybody understand conversation learn lot youespecially judgements various cases explaining hrefhttpdetailasdetailasa youngster doesnt basic knowledge law learnt lot,Positive,NEGATIVE
Savukku anna release pannanum,savukku anna release pannanum,Neutral,NEGATIVE
Bike taxi рокродрпНродро┐ рокрпЗроЪрпБроЩрпНроХ роЕрогрпНрогро╛,bike taxi,Neutral,NEGATIVE
"Already Tuticorin ,Aarumuganeri  Aadhava Trust chairman Fraud Balakumaresan....may speak with minister....",already tuticorin aarumuganeri aadhava trust chairman fraud balakumaresanmay speak minister,Negative,NEGATIVE
Come back stronger savukkuтЭдтЭд,come back stronger savukku,Positive,POSITIVE
роЗро╡роЩрпНроХро│рпЖ рокрогроорпН рокрпЛроЯрпНроЯрпБ рокро┐ро│ро╛роХрпНроХ роТропро┐роЯрпН роЖроХрпНроХрпБро╡ро╛ро░рпНроХро│рпН,,Neutral,Neutral
weare waiting for you,weare waiting,Neutral,NEGATIVE
Savukku come soon A lion is always a lion,savukku come soon lion always lion,Neutral,POSITIVE
"I think Savukku has body-double ЁЯШК.... Fake is in jail, real is here.",think savukku bodydouble fake jail real,Negative,NEGATIVE
Vanakkam malathi тЭд,vanakkam malathi,Neutral,POSITIVE
"роЪро╡рпБроХрпНроХрпБ роЕро╡ро░рпНроХро│рпЗ, родро┐роорпБроХ роХроЯрпНроЪро┐ропро┐ройрпН рокрогроорпН, рооро▒рпНро▒рпБроорпН DMK, ADMK ро╡ро┐роЯроорпН роЙро│рпНро│роо рокрогроорпН ро╡ро╛роЩрпНроХро┐ройро╛ро▓рпН роЗродрпБ роТро░рпБ роЪро╛родро╛ро░рог родрпКроХрпИ",dmk admk,Neutral,NEGATIVE
родро┐ро░рпБроЯрпНроЯрпБ родро┐роорпБроХ<br>роЕрокрпНрокройрпН роХро░рпБрогро╛роиро┐родро┐ роирпВро▒рпНро▒ро╛рогрпНроЯрпБ ро╡ро┐ро┤ро╛ роХрпКрогрпНроЯро╛роЯ родрооро┐ро┤роХ роЕро░роЪрпБ<br>рокрогродрпНродрпИ ро╡рпАрогро╛роХ<br>роЪрпЖро▓ро╡рпБ роЪрпЖропрпНропрпБроорпН,br br br,Neutral,POSITIVE
рокро╛ро▓рпН рокрогроорпН роЪро░ро┐ропро╛роХ рокроЯрпНроЯрпБро╡ро╛роЯро╛ роЪрпЖропрпНро╡родро┐ро▓рпНро▓рпИ ро╡ро┐роЯро┐ропро▓рпН ро╡ро╛ро┤рпНроХ,,Neutral,Neutral
Stand with Savukku,stand savukku,Neutral,POSITIVE
"родро┐роорпБроХ роОройрпНро▒ро╛ро▓рпЗ роКро┤ро▓рпН роХроЯрпНроЪро┐ родро╛ройрпН рооройроЪро╛роЯрпНроЪро┐ роЗро▓рпНро▓ро╛рооро▓рпН роХрпКро│рпНро│рпИропроЯро┐рокрпНрокродрпБ роЗро╡ро░рпНроХро│рпБроЯрпИроп роХрпИ ро╡роирпНрод роХро▓рпИ ро╡ро┐роЮрпНроЮро╛рой роорпБро▒рпИропро┐ро▓рпН родро┐ро░рпБроЯрпБрокро╡ро░рпНроХро│рпН роорпЗроЯрпИропро┐ро▓рпН рооро▒рпНро▒ро╡ро░рпНроХро│рпИ роЕроЪро┐роЩрпНроХ роЕроЪро┐роЩрпНроХрооро╛роХ рокрпЗроЪ ро╡ро┐роЯрпНроЯрпБ ро░роЪро┐родрпНродрпБроХрпН роХрпКрогрпНроЯрпБ роЗро░рпБроХрпНроХрпБроорпН роХроЯрпНроЪро┐родро╛ройрпН роЗро╡ро░рпНроХро│рпБроХрпНроХрпБ ро╡рпЖроЯрпНроХроорпН, рооро╛ройроорпН, роЪрпВроЯрпБ, роЪрпКро░рогрпИ, роЗро▓рпНро▓ро╛родро╡ро░рпНроХро│рпН родро╛ройрпН родро┐роорпБроХроХро╛ро░ро░рпНроХро│рпН.",,Neutral,Neutral
Nice slippering by SS sir ЁЯСН,nice slippering ss sir,Positive,POSITIVE
Hi Savukku media please update us what is happening to Savukku sir,hi savukku media please update us happening savukku sir,Positive,NEGATIVE
роЪро╡рпБроХрпНроХрпБ роЪроЩрпНроХро░рпН роЕро╡ро░рпНроХро│рпБроХрпНроХрпБ роиро┐роХро░рпН роЕро╡ро░рпЗ ро╡ро╛ро┤рпНродрпНродрпБроХро│рпН роЪро┐роЩрпНроХроорпЗ.,,Neutral,Neutral
"<a href=""https://www.youtube.com/watch?v=oYj-PkAKLbA&amp;t=92"">1:32</a> video starts",hrefhttpswwwyoutubecomwatchvoyjpkaklbaampta video starts,Neutral,NEGATIVE
"<a href=""https://www.youtube.com/watch?v=oYj-PkAKLbA&amp;t=296"">4:56</a> athe mari intha matham magaleer urinai thogai vara villa savuku anna, chengalpettu la enga patti irukanga avangaluku last month varikum vandhu Tu irunthechi intha madham vara villai ЁЯШв matha mavattangaluku enna nelamai endru theriya villai ЁЯШХЁЯШФ",hrefhttpswwwyoutubecomwatchvoyjpkaklbaampta athe mari intha matham magaleer urinai thogai vara villa savuku anna chengalpettu la enga patti irukanga avangaluku last month varikum vandhu tu irunthechi intha madham vara villai matha mavattangaluku enna nelamai endru theriya villai,Neutral,NEGATIVE
The govt teachers can collect money from their own huge salary.,govt teachers collect money huge salary,Positive,NEGATIVE
родрооро┐ро┤рпН роиро╛роЯрпНроЯрпИ роиро╛роЪроорпН роЪрпЖропрпНро╡родрпБ родро╛ройрпН родро┐ро░ро╛ро╡ро┐роЯ рооро╛роЯро▓ро╛ ро╡рпЖроХрпНроХрооро╛ роЗро▓рпНро▓рпИропро╛ роЬро╛ро▓рпНро░ро╛ рокрпЛроЯрпБроорпН роХрпВроЯрпНроЯрогро┐ роХроЯрпНроЪро┐роХро│рпН ро╡рпЖроХрпНроХрокроЯро╡рпЗрогрпНроЯрпБроорпН,,Neutral,Neutral
роЪро╡рпБроХрпНроХрпБ роПродрпЛ рокро┐ро│ро╛ройрпН рокрпЛроЯрпНроЯрпБ ро╡рпЗрогрпБроорпНройрпЗ роЬрпЖропро┐ро▓рпБроХрпНроХрпБ рокрпЛрой рооро╛родро┐ро░ро┐ роЗро░рпБроХрпНроХрпБ. роОройрпНройроорпЛ роЗро░рпБроХрпНроХрпБ.,,Neutral,Neutral
ЁЯМ╖ро╡ро│ро░рпНроХ   роЪро╡рпБроХрпНроХрпБ   роорпАроЯро┐ропро╛<br>ро╡рпЖро▓рпНроХ  роЪро╡рпБроХрпНроХрпБ ЁЯМ╖,br,Neutral,POSITIVE
Sankar avargal One month ku video va record panni vachitu than poyirukapla pola pavam ithu theriyama avara remand panni vachirukanga,sankar avargal one month ku video va record panni vachitu poyirukapla pola pavam ithu theriyama avara remand panni vachirukanga,Neutral,NEGATIVE
ро╡ро╛ро┤рпНродрпНродрпБроХро│рпНЁЯОЙ роиро╛роорпН родрооро┐ро┤ро░рпН роХроЯрпНроЪро┐ роЪро╛ро░рпНрокро╛роХ роорпЖройрпНроорпЗро▓рпБроорпН ро╡ро│ро░ ро╡ро╛ро┤рпНродрпНродрпБроХро│рпН ЁЯе░роиро╛роорпН родрооро┐ро┤ро░рпН роХроЯрпНроЪро┐ ро╡рпЖро▓рпНро▓рпБроорпН ЁЯОЙ роЪрпАрооро╛ройрпН ЁЯе░ NTK ЁЯдй,ntk,Neutral,POSITIVE
ЁЯТе роЙрогрпНроорпИ роЙро░роХрпНроХроЪрпН роЪрпКро▓рпНро▓ роЪро╡рпБроХрпНроХрпБ роЪроЩрпНроХро░рпН родро╡ро┐ро░ ро╡рпЗро▒рпБ ропро╛ро░рпБрооро┐ро▓рпНро▓рпИ ЁЯзиЁЯТеЁЯзиЁЯТеЁЯзиЁЯТеЁЯзиЁЯТеЁЯзиЁЯТеЁЯзиЁЯТе,,Neutral,Neutral
"роХро▓рпНро╡ро┐ роЕроорпИроЪрпНроЪро░рпН роОроирпНрод ро╡ро┐ро┤ро╛ро╡рпБроорпН роХрпКрогрпНроЯро╛роЯро╡рпЗрогрпНроЯро╛роорпН, рокрпБроЯрпБроЩрпНроХро┐роп роЖрогро┐роХро│рпН рокрпЛродрпБроорпН. роХро▓рпНро╡ро┐ роЕроорпИроЪрпНроЪро░рпН родройрпН роЪрпКроирпНрод роХро╛роЪрпИ рокрпЛроЯро╡рпБроорпН.",,Neutral,Neutral
Our honorable Judiciary and police officials has to understand the Play behind Savukku Shankar he is really working against corruptions and culprits. For doing good to society he is under going harrasments ЁЯШв please do something to stop it permanently ЁЯШнЁЯЩП only doing good he is suffering otherwise lots of culprits and corrupted people are enjoying outside. How come our future going to be ЁЯШв . indirectly we are conveying don&#39;t do good to our generation.imagine what kind of a generation we are going to have. Now it self how the people are suffering . My kind request to our honorable Judiciary our only hope is Judiciary please ЁЯШв,honorable judiciary police officials understand play behind savukku shankar really working corruptions culprits good society going harrasments please something stop permanently good suffering otherwise lots culprits corrupted people enjoying outside come future going indirectly conveying dont good generationimagine kind generation going self people suffering kind request honorable judiciary hope judiciary please,Positive,POSITIVE
роЪро╡рпБроХрпНроХрпБ роЕрогрпНрогройрпН роОроЩрпНроХрпЗ роЗро░рпБроХрпНроХро┐ро▒ро╛ро░рпН роОрокрпНрокрпЛродрпБ ро╡ро░рпБро╡ро╛ро░рпН роОройрпНро▒рпБ рокродро┐ро╡ро┐роЯро╡рпБроорпН,,Neutral,Neutral
My prayers to savukku to come out soon,prayers savukku come soon,Neutral,POSITIVE
Stalin and udhay will be jailed soon for their human rights violations.... Savukku Sankar can not be jailed legally...Prof.Dr.RECS NADAR,stalin udhay jailed soon human rights violations savukku sankar jailed legallyprofdrrecs nadar,Negative,NEGATIVE
роЪро╡рпБроХрпНроХрпБроЪроЩрпНроХро░рпН роОроЩрпНроХрпЗро╡рпБро│рпНро│ро╛ро░рпН роОрокрпНрокрпЗродрпБро╡рпЖро│ро┐ ро╡ро░рпБро╡ро╛ро░рпН,,Neutral,Neutral
Thalaivaaa vegamakaa vangaa,thalaivaaa vegamakaa vangaa,Neutral,NEGATIVE
One year ku video recording pani vachruparu polaaaaЁЯШВ,one year ku video recording pani vachruparu polaaaa,Neutral,NEGATIVE
тЭдтЭд,,Neutral,Neutral
ЁЯОЙЁЯОЙЁЯОЙЁЯОЙЁЯОЙтЭдтЭдтЭдтЭдтЭдтЭд,,Neutral,Neutral
роЗроирпНрод роЖроЯрпНроЪро┐ропро┐ройрпН роХрпИропро╛ро▓ро╛роХро╛род родройроорпН. роХрогрпНроЯро┐рокрпНрокро╛роХ 2026ро▓рпН роКроКроК,,Neutral,Neutral
1 hour vedio venum leyo,hour vedio venum leyo,Neutral,NEGATIVE
роиро▓рпНро▓ родро░ро╡рпБроХро│рпИ ро╡рпЖро│ро┐ропро┐роЯрпБроорпН роЪро╡рпБроХрпНроХрпБ роорпАроЯро┐ропро╛ роороЯрпНроЯрпБроорпН роЪроЩрпНроХро░рпН роЕро╡ро░рпНроХро│рпБроХрпНроХрпБ роиройрпНро▒ро┐ ЁЯСНЁЯСНЁЯСМЁЯСМЁЯСМ,,Neutral,Neutral
"Pls ennoda comment consider panunga.. I was once a private college professor<br>   Every December private arts, engineering, diploma colleges admission kaaga government and private schools ah approach pani +2 students oda address phone vaangitu then march la irunthu admissions kaaga canvas panuvanga..<br><br> ithu private college staff ku compulsory.. veedu veeda poi pichai edukatha korai thaan.. antha summer heat la theru theruva suthanum<br><br>Ipavum nirraya govt schools la paarunga most office furnitures, computers, printers copiers elam privat colleges vaangi kuduthathu thaan. . So in that point of view.. intha varusham +2 students details venum na engaluku nithi kudunga nu sonna pothum all the private colleges vilunthu adichutu help panuvanga.. colleges leave vitutu avangaloda buildings ah accommodation ku kuduthu and selavu pani nadathium kudupanga.. ithu kandipa nadakum paarunga.. pls discuss if possible.",pls ennoda comment consider panunga private college professorbr every december private arts engineering diploma colleges admission kaaga government private schools ah approach pani students oda address phone vaangitu march la irunthu admissions kaaga canvas panuvangabrbr ithu private college staff ku compulsory veedu veeda poi pichai edukatha korai thaan antha summer heat la theru theruva suthanumbrbripavum nirraya govt schools la paarunga office furnitures computers printers copiers elam privat colleges vaangi kuduthathu thaan point view intha varusham students details venum na engaluku nithi kudunga nu sonna pothum private colleges vilunthu adichutu help panuvanga colleges leave vitutu avangaloda buildings ah accommodation ku kuduthu selavu pani nadathium kudupanga ithu kandipa nadakum paarunga pls discuss possible,Positive,NEGATIVE
ро╡ро┐ро░рпИро╡ро┐ро▓рпН ро╡рпЖро│ро┐ро▓ ро╡ро░рогрпБроорпН. роХро╛ро┤рпНрокрпБрогро░рпНроЪрпНроЪро┐  ро╡ро┤роХрпНроХрпБ.,,Neutral,Neutral
DMK Party most donated for this function ЁЯШВЁЯШВЁЯШВ. But no,dmk party donated function,Positive,NEGATIVE
"I am Also a Scout in my school days, Jamboree is an emotion for every Scout and Guide. Very sad to know this information.",also scout school days jamboree emotion every scout guide sad know information,Negative,NEGATIVE
Hr.Depar.Contri.,hrdeparcontri,Neutral,POSITIVE
ро╡ро┐рооро░рпНроЪройроЩрпНроХро│рпИ роОродро┐ро░рпН роХрпКро│рпНро│ ро╡рпЗрогрпНроЯрпБроорпН.... роЕро▓рпНро▓родрпБ родроЩрпНроХро│рпИ рооро╛ро▒рпНро▒ро┐роХрпН роХрпКро│рпНро│ ро╡рпЗрогрпНроЯрпБроорпН .... ро╡ро┐рооро░рпНроЪро┐рокрпНрокро╡ро░рпНроХро│рпИ роТроЯрпБроХрпНроХрпБро╡родрпЛ .... роЕроЯроХрпНроХрпБро╡родрпЛ..... роЬройроиро╛ропроХ роиро╛роЯрпНроЯро┐ро▓рпН роПро▒рпНро▒рпБроХрпН роХрпКро│рпНро│ро╡рпЗ роорпБроЯро┐ропро╛родрпБ.,,Neutral,Neutral
родрооро┐ро┤роХ роЕро░роЪрпБ родро│рпНро│ро╛роЯрпБроХро┐ро▒родрпБ роОройрпНрокродрпИ родрпЖро│ро┐ро╡ро╛роХ роОроЯрпБродрпНродрпБро▒рпИродрпНрод родроорпНрокро┐ роЪроЩрпНроХро░рпБроХрпНроХрпБ роОройрпН рокро╛ро░ро╛роЯрпНроЯрпБроХрпНроХро│рпНЁЯОЙЁЯОЙ<br>родрпКроЯро░роЯрпНроЯрпБроорпН роЙройродрпБ рокрогро┐ ро╡рпЖро▒рпНро▒ро┐роХро░рооро╛роХЁЯОЙЁЯОЙтЭдтЭдтЭдтЭд,br,Neutral,POSITIVE
Savuku annan super unga news pakkamaerrugamatten,savuku annan super unga news pakkamaerrugamatten,Positive,NEGATIVE
роЕрогрпНрогро╛ роЪро╛ро░рпНрокрпБ роЖропрпНро╡ро╛ро│ро░рпН рокрогро┐ропро┐ройрпН роироЯродрпНрод ро╡рпЗрогрпНроЯро┐роп родрпЗро░рпНро╡рпИ рокро▒рпНро▒ро┐ рокрпЗроЪрпБроЩрпНроХро│рпН....,,Neutral,Neutral
роЕрогрпНрогро╛ роЪро╛ро░рпНрокрпБ роЖропрпНро╡ро╛ро│ро░рпН рокрогро┐ропро┐ройрпН роироЯродрпНрод ро╡рпЗрогрпНроЯро┐роп родрпЗро░рпНро╡рпИ рокро▒рпНро▒ро┐ рокрпЗроЪрпБроЩрпНроХро│рпН....,,Neutral,Neutral
"роорпБродро▓ро┐ро▓рпН ро╡рпЖро│рпНро│рпИ рокрпЗрокрпНрокро░рпН ро╡ро╛роЩрпНроХ роЕро░роЪро┐роЯроорпН роХро╛роЪрпБропро┐ро░рпБроХрпНроХрпБрооро╛ ? родро┐ро░рпБ.роЪро╡рпБроХрпНроХрпБ роЪроЩрпНроХро░рпН роЕро╡ро░рпНроХро│рпЗ,",,Neutral,Neutral
Beautiful background music тЭдя╕П,beautiful background music,Positive,POSITIVE
роЕрогрпНрогро╛ роЪро╛ро░рпНрокрпБ роЖропрпНро╡ро╛ро│ро░рпН рокрогро┐ропро┐ройрпН роироЯродрпНрод ро╡рпЗрогрпНроЯро┐роп родрпЗро░рпНро╡рпИ рокро▒рпНро▒ро┐ рокрпЗроЪрпБроЩрпНроХро│рпН...,,Neutral,Neutral
тЭдтЭдтЭдтЭд,,Neutral,Neutral
Sir yendaium kettanga sir school la... ЁЯЧгя╕П<br>Ennama thiruduranga sad ithalam maranum athukku athachum solution sollunga sir ЁЯЩП,sir yendaium kettanga sir school la brennama thiruduranga sad ithalam maranum athukku athachum solution sollunga sir,Negative,NEGATIVE
2000 rs ku enoda kadaila cake vangunanga dmk katchi karanga udayanidhi birthday ku..kasae kudukala..building approval sign poda 17lakhs vangunanga..na ena kolaiya adichu kuduka mudium..?1 rs um kasta pata than kidaikum..!ithanaikum antha dmk chairman ennoda classmate..,rs ku enoda kadaila cake vangunanga dmk katchi karanga udayanidhi birthday kukasae kudukalabuilding approval sign poda lakhs vangunangana ena kolaiya adichu kuduka mudium rs um kasta pata kidaikumithanaikum antha dmk chairman ennoda classmate,Positive,NEGATIVE
"рокрпЗро╖рпН рокрпЗро╖рпН, ро░рпКроорпНрок роиро▓рпНро▓ро╛ роЗро░рпБроХрпНроХрпБ.",,Neutral,Neutral
роЪро┐роЩрпНроХроорпН ро╡рпЖро│ро┐роп ро╡роирпНродрпБроЯрпНроЯро╛роЩрпНроХро│ро╛ ЁЯМ╣ЁЯФеЁЯФеЁЯФе,,Neutral,Neutral
ЁЯЩПЁЯЩПЁЯЩПЁЯЩПтЭдтЭдтЭдтЭдтЭд,,Neutral,Neutral
ЁЯСНЁЯСМss,ss,Neutral,NEGATIVE
роОройрпНройроЪро╛ро░рпНроЪро┐роХрпНроХрпАро░роорпНроорпБроЯро┐роЪрпНроЪрпБроЯрпНроЯро┐роЩрпНроХроЪро╛ро░рпН,,Neutral,Neutral
Sikkarama velila vanga anna ЁЯШв,sikkarama velila vanga anna,Neutral,POSITIVE
роЪро╡рпБроХрпНроХрпБтАМ роЕро╡ро░рпНроХро│рпЗ  родро╛роЩрпНроХро│рпНтАМ   роХрпВро▒рпБро╡родрпБ  роЪро░ро┐ропрпЗ<br>роЖрогро╛ро▓рпНтАМ ро╡ро╛родрпНродро┐ропро╛ро░рпНроХро│рпН  рокрогроорпН рокрпЛроЯрпНроЯрпБ  роироЯродрпНродро▓ро╛роорпН<br>роЕро╡ро░рпНроХро│рпН  роХрпКро│рпНро│рпИ  роЕроЯро┐рокрпНрокродрокрпЛро▓рпНтАМ роЪроорокро│роорпНтАМ ро╡ро╛роЩрпНроХрпБроХро┐ро▒ро╛ройрпНроХро│рпН<br>ро╡роЯрпНроЯро┐роХродрпН  родрпКро┤ро┐ро▓рпН родро╛ройрпН  роЪрпЖрокрпНро▒ро╛ройрпНроХро│рпН,br br br,Neutral,POSITIVE
ЁЯЩП,,Neutral,Neutral
тЭд,,Neutral,Neutral
Pls reply for your recent arrest,pls reply recent arrest,Negative,NEGATIVE
Please increase the length of the video. We need atleast 45 mts to 50 minutes.  This is my humble request.,please increase length video need atleast mts minutes humble request,Positive,POSITIVE
тЭдтЭдтЭдтЭдтЭдтЭдтЭдтЭдтЭдтЭдтЭдтЭд sankar sir,sankar sir,Neutral,POSITIVE
роЕроЯрпНро░ро╛ роЪроХрпНроХрпИ... родро▓рпИро╡ро░рпН родро╛ройрпН роЙро│рпНро│ роЗро░рпБроХрпНроХро╛ро░рпЗ... роОрокрпНрокроЯро┐ ро╡рпАроЯро┐ропрпЛ ро╡ро░рпБроорпЛ ройрпБ роХро╡ро▓рпИрокрпНрокроЯрпНроЯрпЗройрпН..But  savukku media роЪрпБроорпНрооро╛ рокрпБроХрпБроирпНродрпБ ро╡ро┐ро│рпИропро╛роЯрпБродрпБ...роОродрпБро╡рпБроорпН AI родрпКро┤ро┐ро▓рпН роирпБроЯрпНрокрооро╛!??,savukku media ai,Neutral,NEGATIVE
Wow podu тЭдтЭдЁЯШВ,wow podu,Positive,POSITIVE
Anna kvt vettuku kodukka 50000 kekurangaЁЯШв,anna kvt vettuku kodukka kekuranga,Neutral,NEGATIVE
I am Fan Vera level bold ЁЯТк Sankar sir ЁЯТпЁЯФеЁЯФеЁЯФеЁЯФеЁЯФеЁЯФеЁЯФе,fan vera level bold sankar sir,Positive,POSITIVE
роЪро╡рпБроХрпНроХрпБ роЪроЩрпНроХро░рпН роЕрогрпНрогро╛ роОроЩрпНроХ роЗро░рпБроХрпНроХро╛роЩрпНроХ роОройрпНрой ро╡ро┐ро╡ро░роорпН родрпЖро░ро┐ропро╡ро┐ро▓рпНро▓рпИ родропро╡рпБроЪрпЖропрпНродрпБ роОройрпНрой ро╡ро┐ро╡ро░роорпН роЪрпКро▓рпНро▓рпБроЩрпНроХ,,Neutral,Neutral
Video leanth increase panunga,video leanth increase panunga,Positive,POSITIVE
"Savukku should reach 1 crore subscribers, my best wishes",savukku reach crore subscribers best wishes,Positive,POSITIVE
роЪрпВрокрпНрокро░рпН na,na,Neutral,NEGATIVE
роЪро╛ро░рогро░рпН роЗропроХрпНроХроорпН роЖроЩрпНроХро┐ро▓рпЗропройрпН родрпБро╡роХрпНроХро┐ропродрпБ. роЕродройро╛ро▓рпН рокрпБро▒роХрпНроХрогро┐рокрпНрокрпБ.,,Neutral,Neutral
тЭдтЭдтЭдтЭдтЭд,,Neutral,Neutral
DMK MLA MP kitta vaangi kodukanum...avarkalugu ellam intha money pocket money pontrathu.ЁЯШВ,dmk mla mp kitta vaangi kodukanumavarkalugu ellam intha money pocket money pontrathu,Neutral,NEGATIVE
роУроЯрпНроЯрпБ рокрпЛроЯрпНроЯ роЖроЪро┐ро░ро┐роп рокрпЖро░рпБроороХрпНроХро│рпН роЪрпЖропрпНрод рокро╛ро╡родрпНродрпИ роЪрпБроороирпНродрпБ родро╛ройрпН роЖроХ ро╡рпЗрогрпНроЯрпБроорпН,,Neutral,Neutral
Savukku sir irukintra thiruttu manthri ovvaruthum thalaa<br>Kolla adicha kaasula 1 kodi koduthalum pothum,savukku sir irukintra thiruttu manthri ovvaruthum thalaabrkolla adicha kaasula kodi koduthalum pothum,Neutral,NEGATIVE
Be Prepared -  Obey the Orders,prepared obey orders,Positive,POSITIVE
ЁЯОЙЁЯОЙЁЯОЙwelcomeЁЯЩП ЁЯСН,welcome,Positive,POSITIVE
роЕрогрпНрогро╛ ро╡рпЖро│ро┐ропрпЗ ро╡роирпНродро╛роЪрпНроЪро╛,,Neutral,Neutral
20роЖроорпН родрпЗродро┐ро╡ро░рпИ роЪро╡рпБроХрпНроХрпБроХрпНроХрпБ роирпАродро┐рооройрпНро▒роХро╛ро╡ро▓рпН родрпЗройро┐рооро╛ро╡роЯрпНроЯ роирпАродро┐рооройрпНро▒роорпН,,Neutral,Neutral
The lion is always lion ЁЯОЙЁЯОЙЁЯОЙЁЯОЙ,lion always lion,Neutral,POSITIVE
роОроЩрпНроХрпЗ рооро╛ро▓родро┐ 3ро╡ро░рпН роХрпВроЯрпНроЯрогро┐ роЕро░рпБроорпИ роЗрокрпНрокрпЛродрпБ роКро▒рпБроХро╛ропрпН роЗро▓рпНро▓ро╛род родропро┐ро░рпНроЪро╛родроорпН рокрпЛро▓ роЗро░рпБроХрпНроХрпБ роЪро░ро┐ роЪро░ро┐,,Neutral,Neutral
Savukku sir<br>Vaaltha vayathu illai VANANGUKUKIRENЁЯЩП,savukku sirbrvaaltha vayathu illai vanangukukiren,Neutral,POSITIVE
Savukku army ЁЯкЦЁЯкЦЁЯкЦЁЯкЦ,savukku army,Neutral,NEGATIVE
Adapavi ipdi pesakoodathunnu unna jaila potta oru maasathukku already video shoot panniteengala... Sankar really a brave man,adapavi ipdi pesakoodathunnu unna jaila potta oru maasathukku already video shoot panniteengala sankar really brave man,Positive,POSITIVE
Seekram release aavunga savukuuuu we r waiting,seekram release aavunga savukuuuu r waiting,Neutral,NEGATIVE
"if i was him .. i would have obliged to the threats of the egoistic guys ..<br><br>What he brings out..  is in the interest of people welfare only... If ruling govt (admk or dmk) corrects them... Respective govt will get people support..<br><br>Say.. for next 6 months if the ruling govt does a people centric corruption free govt<br>.. will savukku be popular then.. <br>that should be a easy way for any ruling govt to suppress savukku.. <br>At that point .. savukuu media will have programs .. each day appreciating one of the govt departments..<br><br>Living bhagat singh.. savukku, leo n team..",would obliged threats egoistic guys brbrwhat brings interest people welfare ruling govt admk dmk corrects respective govt get people supportbrbrsay next months ruling govt people centric corruption free govtbr savukku popular brthat easy way ruling govt suppress savukku brat point savukuu media programs day appreciating one govt departmentsbrbrliving bhagat singh savukku leo n team,Positive,NEGATIVE
Yow adhalam venam 1 hour laye viedo edit pani podunga yaa,yow adhalam venam hour laye viedo edit pani podunga yaa,Neutral,NEGATIVE
45 to 50 mins video vennum,mins video vennum,Neutral,NEGATIVE
роЕрогрпНрогро╛ роОрокрпНрокрпЛ ро╡рпЖро│ро┐ро▓ ро╡ро░рпБро╡рпАроЩрпНроХ роОро▓рпНро▓ро╛роорпН ро╡рпИроЯрпНроЯро┐роЩрпН ЁЯОЙЁЯОЙЁЯОЙЁЯОЙЁЯОЙ,,Neutral,Neutral
yow arrest aguva therinju video lam record panitu poitiyaa vera lvl... Please give update on savukku arrest!!! Great mind man..,yow arrest aguva therinju video lam record panitu poitiyaa vera lvl please give update savukku arrest great mind man,Positive,NEGATIVE
"роОроЩрпНроХро│рпН роЕроорпИроЪрпНроЪро░рпН роТро░рпБ ро╡рпАро░рооро┐роХрпНроХ  ро╡ро┐ро╡рпЗроХроорпН рооро┐роХрпНроХ родроЩрпНроХро│рпН родрпБро▒рпИропро┐ро▓рпН рокрогро┐рокрпБро░ро┐роп рокрогро┐ропро╛ро│ро░рпНроХро│рпИ родроЩрпНроХро│рпН рокро┐ро│рпНро│рпИ рокрпЛро▓рпН роЕроорпИроЪрпНроЪро░рпН рокро╛ро╡ро┐роХрпНроХро┐ро▒ро░рпН.роЕроорпИроЪрпНроЪро░рпН роЗроЩрпНроХрпЗ рокрогро┐рокрпБро░ро┐ропрпБроорпН роЖропрпНро╡роХ роЙродро╡ро┐ропро╛ро│ро░рпН, рокроХрпБродро┐ роирпЗро░ роЖроЪро┐ро░ро┐ропро░рпНроХро│рпН, роЪро┐ро▒рокрпНрокрпБ роЖроЪро┐ро░ро┐ропро░рпН рокропро┐ро▒рпНро▒рпБроиро░рпНроХро│рпН, рооро╛родро┐ро░ро┐ рокро│рпНро│ро┐ роЖроЪро┐ро░ро┐ропро░рпНроХро│рпН роЕро▓рпНро▓ро╛род рокрогро┐ропро╛ро│ро░рпНроХро│рпН роиройрпНро▒ро┐ роЕро▒ро┐ро╡ро┐рокрпНрокрпБ рооро╛роиро╛роЯрпБ роироЯродрпНродро┐ роЙро│рпНро│ро╛ро░рпНроХро│рпН роЕро░роЪрпБ роЪрпЖропрпНроп ро╡рпЗрогрпНроЯро┐роп роКродро┐роп роЙропро░рпНро╡рпБроХрпНроХрпБ роиройрпНро▒ро┐ роЕро▒ро┐ро╡ро┐рокрпНрокрпБ рооро╛роиро╛роЯрпБ рооро▒рпНро▒рпБроорпН роКродро┐роп роЙропро░рпНро╡рпБ роХрпЗроЯрпНроЯрпБ роТро░рпБроЩрпНроХро┐рогрпИроирпНрод рокро│рпНро│ро┐роХрпН роХро▓рпНро╡ро┐ропро┐ро▓рпН роХроЯрпНроЯро┐роЯ рокрпКро▒ро┐ропро╛ро│ро░рпН роЪроЩрпНроХроорпН, родрпКроХрпБрокрпНрокрпБродро┐роп рокрогро┐ропро╛ро│ро░рпНроХро│рпН роЕройрпИродрпНродрпБ роКро┤ро┐ропро░рпН  роЪроЩрпНроХроорпН  рокрпКродрпБроХрпНроХрпБро┤рпБро╡ро┐ро▓рпН роЕроорпИроЪрпНроЪро░рпН роХро▓роирпНродрпБ роХрпКрогрпНроЯро╛ро░рпН, preprimary  роЕроЩрпНроХройрпНро╡ро╛роЯро┐ роЖроЪро┐ро░ро┐ропро░рпН рокрогро┐ропро╛ро│ро░рпН роЪроЩрпНроХроорпН ро╡ро░рпБроорпН роЪройро┐роХрпНроХро┐ро┤роорпИ 21 december роХрпЛро░ро┐роХрпНроХрпИ рооро╛роиро╛роЯрпБ роироЯродрпНрод роЕрогрпНрогройрпН роЪро┐роХро░роорпН роЪродрпАро╖рпН роЕро╡ро░рпНроХро│рпН роЕройрпИро╡ро░рпБроХрпНроХрпБроорпН ро╡ро╛ро┤рпНроХрпНроХрпИропро┐ро▓рпН ро╡ро┐ро│роХрпНроХрпЗро▒рпНро▒ роорпЗро▒рпНроХрпВро▒ро┐роп роЕройрпИродрпНродрпБ роЗроЯродрпНродро┐ро▒рпНроХрпБроорпН роЕроорпИроЪрпНроЪро░рпИ роЕро┤рпИродрпНродрпБ ро╡ро░рпБроХро┐ро▒ро╛ро░рпН. роиро╛роЩрпНроХро│рпН роЗро▒роирпНродро╛ро▓рпБроорпН роЕройро╛родрпИ родро╛ройрпН рокродрпНродро╛рогрпНроЯрпБ рокрогро┐ роЪрпЖропрпНродро╛ро▓рпБроорпН роЕро░роЪрпБ роЪро╛ро░рпНрокро┐ро▓рпН роТро░рпБ ро░рпВрокро╛ропрпН роХрпВроЯ ро╡ро┤роЩрпНроХро╛родрпБ.",preprimary december,Neutral,NEGATIVE
DMK model government ЁЯШВЁЯШВЁЯШВ,dmk model government,Neutral,NEGATIVE
Schoolро▓рпН ро╡рпЗро▓рпИ рокро╛ро░рпНроХрпНроХрпБроорпН роКро┤ро┐ропро░рпНроХрпНроХрпБ роЪро╛ро▓ро░ро┐ родро░рпБро╡родро▒рпНроХрпБ роиро┐родро┐ роЗро▓рпНро▓рпИ. роХрпЗро░роорпН рокрпЛроЯрпНроЯро┐ропро┐ро▓рпН ро╡ро┐ройрпН рокрогрпНрог рокрпЖрогрпНрогрпБроХрпНроХрпБ роХрпЛроЯро┐ рокро░ро┐роЪро╛?,school,Neutral,POSITIVE
роирпЗро▒рпНро▒рпБ роЗройрпНро▒рпБ 2роиро╛ро│рпН рокродро┐ро╡рпИ рокро╛ро░рпНродрпНродро╡ро░рпНроХро│рпН роХро╛рогрпНроЯрпБ роЖропро┐ро▒рпБрокрпНрокро╛роЩрпНроХрпН роОрокрпНрокроЯро┐ роЪро┐роЩрпНроХроорпН роХро▒рпНроЬро┐роХрпНроХро┐ро░родрпБ роОройрпНро▒рпБ роЗродрпБродро╛ройрпН роЪро╡рпБроХрпНроХрпБ роЪро╡рпБроХрпНроХрпБ роЪроЩрпНроХро░рпН роРропро╛ роирпАро╡рпАро░рпН ро╡ро╛ро┤рпНроХ ро╡ро│родрпНродрпБроЯройрпН ЁЯСНЁЯМ▒ЁЯМ▒ЁЯМ▒ЁЯСПЁЯСПЁЯСП,,Neutral,Neutral
Sir teachers athika sambhalam vangaranga avnga pottu kudukkatum sir,sir teachers athika sambhalam vangaranga avnga pottu kudukkatum sir,Neutral,NEGATIVE
"роЗроирпНрод рооро╛родро┐ро░ро┐ роЕро░роЪрпИ роХрпВроЯрпНроЯроорпН роЪройрпНройродро┐роХро│рпН родрой роЙро│рпНро│ рокрпЛроЯро▒рпЗ .. <br><br>роЙро│рпНро│ рокрпЛроЯрпНроЯро╛ро▓рпБроорпН роиро┐роорпНроородро┐ роХрпКроЯрпБроХрпНроХ рооро╛роЯрпНроЯрпЗройрпЗ роЗроирпНрод роЖро│рпБ <br><br>Support Savvukku..",br br brbrsupport savvukku,Neutral,NEGATIVE
роЪрпЖро╕рпН рокрпЛроЯрпНроЯро┐ро▓win рокрогрпНрог ро╡ро░рпН 5 роХрпЛроЯро┐ рокро░ро┐роЪрпБ родрооро┐ро┤рпНроиро╛роЯрпБ роЕро░роЪрпБрокрогроорпН роХрпКроЯрпБрокрпНрокродрпБ ро╡рпАрогрпН. родрпЗро╡рпИропро▒рпНро▒ роЪрпЖро▓ро╡рпБ роЕроирпНрод рокрпИропройрпН роОройрпНрой роЪро╛родро┐родрпНродрпБ ро╡ро┐роЯрпНроЯро╛ро░рпН? ро╡рпЗро▓рпИ ро╡ро╛ропрпНрокрпНрокрпБ родро░ро▓ро╛роорпН. 5 роХрпЛроЯро┐ рокрогроорпН ро╡рпАрогрпН. роХрпЗро░роорпН рокрпЛро░рпНроЯрпБ 7 роХрпЛроЯро┐ рокро░ро┐роХ ро╡рпАрогрпН.,win,Positive,POSITIVE
Sankar release aaitanaЁЯШоЁЯШоЁЯШо,sankar release aaitana,Neutral,POSITIVE
ЁЯШвЁЯШвЁЯШвЁЯШвроЙро│рпНро│рпЗ роЗро░рпБроХрпНроХрпБроорпН рокрпЛродрпЗ роЗроирпНрод ро╡рпАроЯро┐ропрпЛ ро╡ро░рпБроХро┐ро▒родрпЖройрпНро▒ро╛ро▓рпН роОройрпНрой роЕро░рпНродрпНродроорпН ЁЯШВЁЯШВЁЯШВ. рокрпЗроХрпНроХро░ро┐ роЯрпАро▓ро░рпНроХро│рпИ роородро┐роХрпНроХро╡ро┐ро▓рпНро▓рпИ роОройрпНро▒рпБ родро╛ройрпЗ роЕро░рпНродрпНродроорпНЁЯШВЁЯШВЁЯШВ,,Neutral,Neutral
роЗроирпНрод ро╡ро┐роЯро┐ропро╛ родро┐роорпБроХ роЖроЯрпНроЪро┐ропро┐ро▓рпН роОро▓рпНро▓ро╛роорпЗ родро▓рпИроХрпАро┤ро╛ родро╛ройрпН роироЯроХрпНроХро┐ро▒родрпБ роЕродрпИ роирпАроЩрпНроХро│рпН роТро░рпБ роЖро│рпН родро╛ройрпН родрпЛро▓рпБро░ро┐родрпНродрпБ <br><br> роХро╛роЯрпНроЯрпБроХро┐ройрпНро▒ ро╡рпЗро▓рпИропрпИ роЪрпЖропрпНродрпБ роХрпКрогрпНроЯро┐ро░рпБроХрпНроХро┐ро▒рпАро░рпНроХро│рпН ро╡ро╛ро┤рпНродрпНродрпБроХрпНроХро│рпН роЙроЩрпНроХро│рпБроХрпНроХрпБ роирпАроЩрпНроХро│рпН роиро▓роорпБроЯройрпН ро╡ро╛ро┤ роОройрпНройрпБроЯрпИроп ро╡ро╛ро┤рпНродрпНродрпБроХрпНроХро│рпН,brbr,Neutral,POSITIVE
роЙро│рпНро│рпЗ роЗро░рпБроХрпНроХрпБроорпН рокрпЛродрпЗ роЗроирпНрод ро╡рпАроЯро┐ропрпЛ ро╡ро░рпБроХро┐ро▒родрпЖройрпНро▒ро╛ро▓рпН роОройрпНрой роЕро░рпНродрпНродроорпН ЁЯШВЁЯШВЁЯШВ. рокрпЗроХрпНроХро░ро┐ роЯрпАро▓ро░рпНроХро│рпИ роородро┐роХрпНроХро╡ро┐ро▓рпНро▓рпИ роОройрпНро▒рпБ родро╛ройрпЗ роЕро░рпНродрпНродроорпНЁЯШВЁЯШВЁЯШВ,,Neutral,Neutral
ро╡ро┐ро░рпИро╡ро┐ро▓рпН роЪро╡рпБроХрпНроХрпБ роЕрогрпНрогро╛ ро╡рпЖро│ро┐ропрпЗ ро╡ро░ ро╡рпЗрогрпНроЯрпБроорпН ЁЯШв,,Neutral,Neutral
Sir unga gmail ID kodunga sir.enkita dmk pathi news eruku land accusation.and attacking water board assistants,sir unga gmail id kodunga sirenkita dmk pathi news eruku land accusationand attacking water board assistants,Negative,NEGATIVE
Sir eppo varuveenga am waitingЁЯШв,sir eppo varuveenga waiting,Neutral,POSITIVE
30-45 mins ok sir. Rombha interesting aana topic na evlo neram venum na paakalaam.,mins ok sir rombha interesting aana topic na evlo neram venum na paakalaam,Positive,POSITIVE
роЗро╡ро░рпБроХрпНроХрпБ роПро▒рпНроХройро╡рпЗ роХрпИродро┐ропро╛роХ рокрпЛро▒родрпБ родрпЖро░ро┐ропрпБроорпН рокрпЛро▓.,,Neutral,Neutral
роЪро╡рпБроХрпНроХрпБ роорпАроЯро┐ропро╛ роирпЗропро░рпНроХро│рпБроХрпНроХрпБ ро╡рогроХрпНроХроорпН  ЁЯЩП  роОройрпНро▒рпЖройрпНро▒рпБроорпН роороХрпНроХро│рпН   роХрпБро░ро▓ро╛ропрпН роТро▓ро┐роХрпНроХ роЙроЩрпНроХро│рпН роХро╛рогрпКро│ро┐роХрпНроХро╛роХ роХро╛родрпНродро┐ро░рпБроХрпНроХро┐ро▒рпЛроорпН.... ЁЯСНтЭдя╕ПЁЯЩП,,Neutral,Neutral
роЕро░рпБроорпИ роЪро╛ро░рпН,,Neutral,Neutral
Thala release aaitiya adha sollave matranunga media laЁЯШВ,thala release aaitiya adha sollave matranunga media la,Neutral,NEGATIVE
shankar sir  eppo varvar leo bro,shankar sir eppo varvar leo bro,Neutral,POSITIVE
роЙрогрпНроорпИропро╛рой роКроЯроХро╡ро┐ропро▓ро╛ро│ро░рпН роЪро╡рпБроХрпНроХрпБ роЪроЩрпНроХро░рпНтЭдтЭдтЭдтЭдтЭдтЭдтЭдтЭдтЭдтЭдтЭдтЭдтЭдтЭдтЭдтЭдтЭдтЭдтЭдтЭдтЭдтЭдтЭдтЭдтЭдтЭдтЭдтЭдтЭдтЭд,,Neutral,Neutral
роЪро╡рпБроХрпНроХрпБ роиро╛роЩрпНроХ роЕро░роЪрпБ роКро┤ро┐ропро░рпНроХро│рпН родро┐роорпБроХро╡рпБроХрпНроХрпБ родро╛ройрпН роЗройро┐ропрпБроорпН роУроЯрпНроЯрпБ рокрпЛроЯрпБро╡рпЛроорпН.роиро╛роЩрпНроХро│рпН ро▓роЮрпНроЪроорпН ро╡ро╛роЩрпНроХ родро┐роорпБроХ роЕро░роЪрпБ роТродрпНродрпБро┤рпИроХрпНроХрпБроорпН рокро╛родрпБроХро╛роХрпНроХрпБроорпН.,,Neutral,Neutral
Are u ok sir.this is current news sir.we r. Much worried,u ok sirthis current news sirwe r much worried,Neutral,NEGATIVE
Seikaram ma velila va ga sir ЁЯе▓ЁЯЩВЁЯЩВ,seikaram velila va ga sir,Neutral,POSITIVE
Please increase the length of the video,please increase length video,Positive,POSITIVE
роРропро╛ роЙроЩрпНроХро│рпИ ро╡ро┐роЯрпБро╡ро┐родрпНродрпБ ро╡ро┐роЯрпНроЯро╛роЩрпНроХро│ро╛ЁЯОЙтЭУ,,Neutral,Neutral
ЁЯФеЁЯФетЬи,,Neutral,Neutral
роирпА роХро▓роХрпНроХрпБ роЪро┐родрпНродрокрпНрокрпБ  роХродрпНродро┐ рокроЯроорпН рооро╛родро┐ро░ро┐ роЙро│рпНро│ роЗро░рпБроХрпНроХро╛ройрпН ро╡рпЖро│ро┐ропро┐ро▓ ро╡рпАроЯро┐ропрпЛ ро╡ро░рпБродрпБройрпНройрпБ роорогрпНроЯрпИроп рокро┐роЪрпНроЪро┐роХрпНроХро┐роЯрпНроЯрпБ роЕро▓рпИропро┐роЯрпБроорпН,,Neutral,Neutral
рокро┐роЬрпЗрокро┐роХрпНроХрпБ роХрогрпНроЯройроорпН ропро╛ро░рпЖро▓рпНро▓ро╛роорпН родрпЖро░ро┐ро╡ро┐роХрпНроХро┐ро▒рпАро░рпНроХро│рпН,,Neutral,Neutral
Already 1 week ku video recordings poirukku polaye. Vera level savukku sir,already week ku video recordings poirukku polaye vera level savukku sir,Neutral,NEGATIVE
Ka.anbalagan bdy,kaanbalagan bdy,Neutral,NEGATIVE
Sankar sir eppo release avaru bro.,sankar sir eppo release avaru bro,Neutral,NEGATIVE
роЕрогрпНрогро╛ роЙроЩрпНроХро│рпИ роХрпИродрпБ роЪрпЖропрпНродродройрпН роЪрпКройрпНройро╛роЩрпНроХ роОроЩрпНроХроЯро╛ роЗро░рпБроХрпНроХрпАроЩрпНроХ,,Neutral,Neutral
Ama arrested nu news vantuchu release panitangala,ama arrested nu news vantuchu release panitangala,Negative,NEGATIVE
Savukku Bro release ah?,savukku bro release ah,Neutral,NEGATIVE
родро▓рпИро╡ройрпН ро░рпЖроЯро┐ропро╛ родро╛ройрпН роЗро░рпБроирпНродро┐ро░рпБроХрпНроХро╛ро░рпН рокрпЛро▓..,,Neutral,Neutral
"<a href=""https://www.youtube.com/watch?v=oYj-PkAKLbA&amp;t=87"">1:27</a> vanakkam savukku",hrefhttpswwwyoutubecomwatchvoyjpkaklbaampta vanakkam savukku,Neutral,NEGATIVE
Hello sir....  i am  following you... Every day... Very intelligent person,hello sir following every day intelligent person,Positive,POSITIVE
Odiyanga odiyanga Annan vantaruЁЯОЙЁЯОЙ,odiyanga odiyanga annan vantaru,Neutral,POSITIVE
Where are you Anna,anna,Neutral,POSITIVE
Palaya videova? Thalaivan veliya vanthutara?,palaya videova thalaivan veliya vanthutara,Neutral,POSITIVE
роЪро╡рпБроХрпНроХрпБ роЪроЩрпНроХро░рпН тЭдтЭдтЭд,,Neutral,Neutral
Ena thalaiva  pre record video va,ena thalaiva pre record video va,Neutral,NEGATIVE
"<a href=""https://www.youtube.com/watch?v=oYj-PkAKLbA&amp;t=95"">1:35</a> starts ЁЯОЙ",hrefhttpswwwyoutubecomwatchvoyjpkaklbaampta starts,Neutral,NEGATIVE
Anna i miss you,anna miss,Negative,NEGATIVE
тЭдтЭдтЭдтЭдтЭдтЭдтЭдтЭдтЭдтЭдтЭдтЭдтЭдтЭдтЭдтЭдтЭдтЭдтЭдтЭдтЭдтЭдтЭдтЭдтЭдтЭдтЭд ро╖роЩрпНроХро░рпН родро┐ рооро╛ро╕рпН  тЭдтЭдтЭдтЭдтЭдтЭдтЭдтЭдтЭдтЭдтЭд,,Neutral,Neutral
Ss alwaysЁЯОЙЁЯОЙЁЯОЙ,ss always,Neutral,POSITIVE
AnnaЁЯОЙЁЯОЙ,anna,Neutral,POSITIVE
